Abstract,Label
"Effective knowledge of ecological connectivity at sea and at the land-sea interface is key to supporting global policy goals to conserve and restore ocean biodiversity and function. However, a persistent lack of commonality in terminology and understanding around the concept of connectivity in marine ecological studies hampers its integration across disciplines, and its application in spatial planning and policy. Building on an extensive literature review, we clarify definitions and subcategories of marine connectivity, and propose a unified conceptual framework for Marine Functional Connectivity (MFC) research to support the integration of multidisciplinary scientific knowledge into management and policy. We identify key challenges and future directions for advancing this emerging field, bringing together most strands of marine science to understand changes in biodiversity and functional interdependencies between habitats and regions. Embedding this new integrated MFC research at the core of marine environmental science promises to improve significantly predictions of environmental and socio-economic change and the sustainable use of ecosystems and resources at sea and at the land-sea interface.",environmental science
"The Otsuchi Coastal Research Center (OCRC), a field station belonging to the Atmosphere and Ocean Research Institute at the University of Tokyo, was established in 1973 in Otsuchi, a coastal town on the Sanriku coast of Honshu, Japan. Located near a site where warm and cold ocean currents converge, OCRC facilitates research in biology, chemistry, physics and geoscience within a unique marine environment shaped by a complex rocky coastline and river-fed bays. The centre is staffed by resident researchers and technicians, provides research vessels and a dormitory, and supports around 2000 person-days of visiting scientists annually for field observations, aquarium-based experimentation and instrumental analyses. Since 2004, we have pursued biologging studies at OCRC with graduate students and collaborators from Japan and abroad. This research has focused on loggerhead and green turtles, streaked shearwaters, chum salmon and ocean sunfish, producing insights into physiology, behaviour, ecology and environmental science. In 2011, the original research building and dormitory were severely damaged by an earthquake and tsunami, resulting in the loss of field notes, materials and some data. Fortunately, there were no casualties, and a new research building and dormitory were rebuilt on higher ground in 2018. To enhance data preservation, the biologging intelligent platform (BiP) was established to archive biologging datasets with their associated metadata. To better understand how marine animals respond to ongoing environmental changes, continued long-term field research and historical data comparison are essential. With access to diverse ecosystems and robust technical infrastructure, and its collaborative research culture, OCRC is uniquely positioned to potentially meet that demand.",environmental science
"Virtual water trade and regional specialization can enhance water security, yet their drivers and impacts remain unquantified. In this study, we propose a system-based modeling framework to trace virtual water transfer patterns, identify intercity network relationships, and quantify the primary socioeconomic factors driving water footprint dynamics in the Yangtze river delta urban agglomeration. Our analysis reveals that the total water footprint of this region decreased by 6% between 2010 and 2020. Water-scarce cities such as Yancheng, Yangzhou, and Tai'zhou in Jiangsu province serve as major production centers for water-intensive goods, accounting for nearly half of the region's total virtual water exports. Changes in water use intensity, production structure, and final demand composition are identified as critical contributors to water footprint reductions in cities across Zhejiang and Anhui provinces. These findings underscore the necessity of cross-regional cooperation to address inefficient water resource allocation and mitigate unintended increases in water stress.",environmental science
"Urban form's impact on the thermal environment is well studied, but a gap remains in understanding the boundary effect of natural geographic proximity on urban thermal conditions. For plateau cities' unique environment, the urban block distance to Dianchi Lake (UB-DDL) and the urban block distance to forested mountain areas (UB-DFMA) were incorporated as natural factors influencing land surface temperature (LST). The results of the XGBoost model analysis revealed that while urban form, such as the normalized difference built-up index, building density, and vegetation cover, predominantly contributes to the LST, the influences of UB-DDL and UB-DFMA should not be overlooked. Furthermore, urban blocks within 5 km of Dianchi Lake and within 6.7 km of the forested mountain area are classified as effective cooling zones. This study combines local climate zone classification with boundary effects to provide unique insights for effectively mitigating the urban heat environment in plateau cities.",environmental science
"Soil science research involves the composition, properties, processes, and functions of soil under natural conditions and anthropogenic utilization, and provides scientific basis for the utilization, protection, and sustainable management of soil resources. This review summarizes the significant contributions of Research Center for Eco-Environmental Sciences (RCEES), Chinese Academy of Sciences, to the advances of soil science. Over past decades, RCEES has conducted innovative research in areas such as soil pollution and remediation, biogeochemical cycling of macro and trace elements and soil microbial ecology. Groundbreaking discoveries have been achieved in research directions such as metal transformation and translocation in the soil-plant continuum, soil microbial diversity and biogeography, and the environmental and health risk of soil contamination. In recent years, on-going projects also involves cutting-edge hotspots, including the environmental behavior of emerging pollutants, and soil organic matter dynamics. The soil lab in RCEES has undertaken important research projects and trained a group of dynamic young scientists, and has also been instrumental in establishing international collaborations, enhancing its global impact through participation in global soil research initiatives and conferences. Concurrently, soil science at RCEES is moving forward to the resilience of soil ecosystems to global changes, integrating soil health into the One Health framework, and sustainable soil management practices. RCEES remains a key player in shaping the future of soil science, contributing to both scientific advances and the sustainable management of soil resources in China.",environmental science
"The root cause of new pollutants problems lies in the massive production and use of chemicals, leading to environmental pollution and potential health and ecological risks. New pollutants pose a long-term major threat to both environmental health and human well-being. Chinese environmental scientists and researchers in related fields have been dedicating to studying new pollutants and their associated substances since 1999, conducting multidimensional pioneering research. This review synthesizes cutting-edge advancements in scientific discoveries, technological innovations, and policy developments, with a particular focus on the transformative progress and impacts of research into new pollutants conducted by the State Key Laboratory of Environmental Chemistry and Ecotoxicology (SKLECE) at the Research Center for Eco-Environmental Sciences (RCEES) over the past two decades. By integrating precise analysis, mechanistic insights, and scalable solutions, this work redefines the field of environmental toxicology and offers a paradigm shift in global pollutant management. It promotes health risk mitigation and sustainable environmental safety, contributing significantly to the advancement of environmental science and global governance strategies.",environmental science
"Environmental processes including ballasted flocculation (BF) present significant optimization challenges due to complex multicomponent interactions and small, heterogeneous experimental data sets that frequently lead to overfitted machine learning (ML) models with poor real-world performance. To address this, we developed GP-BT, a Gaussian Process Bayesian Tuning framework that systematically optimizes kernel selection and hyperparameters by directly minimizing cross-validation loss, explicitly prioritizing generalization over training set fitting. Comprehensive evaluation across three environmental data sets demonstrated GP-BT's superior robustness compared to conventional algorithms (Random Forest, XGBoost, CatBoost) and standard GP models. The GP-BT's practical value was confirmed through 52 independent laboratory experiments, achieving lower prediction errors on unseen conditions. The method's conservative learning strategy─avoiding aggressive fitting of sparse, noisy data points─proved crucial for reliable real-world performance. Applied to combined sewer overflows treatment optimization, GP-BT uncovered experimental conditions achieving 98% removal efficiency, compared to 89% predicted by the overfitted Random Forest model. Experimental validation confirmed these predictions, revealing substantial process potential masked by traditional modeling approaches. SHapley Additive exPlanations (SHAP) analysis showed that GP-BT's interpretations better aligned with established physicochemical mechanisms, properly emphasizing reagent importance over less controllable factors. Beyond specific applications, this work provides environmental researchers with a ready-to-use, rigorously validated framework for extracting reliable insights from costly, small-scale experimental data sets. To maximize impact, we provide an open-source Python package (pip install bayesian-gp-cvloss) and interactive web platform (www.ai4env.world), enabling widespread adoption of robust ML practices that can accelerate discovery of hidden performance potential in environmental technologies.",environmental science
"Environmental micro- and nanoplastic pollution is becoming increasingly severe; it can infiltrate organisms and cause tissue dysfunction, posing a potential hidden danger that may lead to human diseases and exacerbate the severity of this pollution. In recent years, the biotoxicity of micro- and nanoplastics (MNPs) has been extensively investigated using animal models. However, most studies and reports have not sufficiently explored the specific mechanisms of biological hazards. Here, we summarize several mechanisms through which MNPs induce brain injury. These studies indicate that the application of interdisciplinary technologies has enhanced toxicological investigations of these tiny particles, helping to clarify their underlying mechanisms. For example, the use of brain",environmental science
"Mobile eye-tracking is a valuable method that holds significant potential for understanding informal learning in applied environmental science settings, yet it remains underutilized. In this paper, we explore the benefits of adopting this technology to objectively assess engagement in real-time, which can inform the design and advancement of informal learning through environmental science exhibits. In addition, mobile eye-tracking offers technology to conduct state-of-the-art research in applied museum settings. Using a climate change exhibits as an example, we illustrate ways to leverage this technology to improve exhibit design and deepen our understanding of visual engagement and informal learning. Finally, we address the challenges and areas for growth in applied eye-tracking technology. Overall, we present what this cutting-edge methodology can offer to enhance engagement and learning through environmental exhibits.",environmental science
"Over the past decade, initiatives such as the Shan-Shui Initiative, the ""Three-North"" Project, and the construction of nature reserve system, have accumulated valuable experience of ecological governance for the ecological conservation and restoration, thereby establishing a solid foundation for achieving deeper ""holism"", including full-factor integration and full-cycle monitoring. To promote theoretical advancement and model optimisation of holistic ecological conservation and restoration, we applied a three-in-one analytical framework of ""problem, theory, and pathway"" to develop a collaborative governance logic system, alongside a five-in-one implementation pathway based on the induction of practical challenges. The results showed that holistic ecological conservation and restoration is confronted with structural gaps that urgently need to be addressed in terms of objective transmission, organizational collaboration, and process control. By coupling theories from fields such as ecological environmental science, management, geography, systems theory, and cybernetics, a governance logic system comprised of ""objective collaboration, organizational collaboration, and process collaboration"" can be established for holistic ecological conservation and restoration. The governance form of holistic ecological conservation and restoration is expected to evolve from ""physical combination"" to ""organic fusion"", wherein the implementation pathway encompassing ""strategy, planning, design, implementation, and management"" serves as the pivotal mechanism for translating theory into practice. Collectively, the proposed governance logic and implementation pathway contribute to the establishment and improvement of a governance model characterized by ""unified understanding, unified implementation, and unified management"", thereby providing systematic theoretical guidance and structured model references for the in-depth development for practical activities of holistic ecological conservation and restoration. 近10年来,以“山水工程”、“三北”工程和自然保护地体系建设为代表的生态保护修复活动取得了诸多生态治理经验,为全要素整合、全周期管控等深层“一体化”的实现奠定了良好基础。为推动一体化保护修复的理论深化和模式优化,本研究运用“问题-理论-路径”三位一体的分析框架,基于对其现实问题的归纳总结形成了协同治理逻辑体系和五位一体实施路径。结果表明: 一体化保护修复在目标传导、组织协作与过程控制方面具有亟待填补的结构性裂隙;一体化保护修复可通过耦合生态环境科学、管理学、地理学、系统论和控制论等学科理论,形成“目标协同-组织协同-过程协同”的治理逻辑体系;一体化保护修复的治理形态将从“物理拼合”迈向“有机融合”,在此过程中,“谋划-策划-设计-实施-管理”五位一体的实施路径构成了理论向实践转化的核心枢纽。上述治理逻辑与实施路径有助于一体化保护修复建立健全“统一认知-统一实施-统一管理”的治理模式,为其实践活动的深入发展提供了系统性的理论指导和体系化的模式参考。.",environmental science
"With the growing challenge of microplastics (MPs) pollution, long-term real-time monitoring of MPs distribution remained difficult. Using nationwide field data and machine learning, we investigated MPs abundance and size distribution across China, key drivers, and future trends of MPs under multi-scenarios: sustainable development scenarios (SDSs), business-as-usual scenario (BAU), and high-forcing scenarios (HFSs). Results indicated that the average abundance of MPs in agricultural soils was 2,176 items/kg in 2020, with most particles smaller than 1 mm. The history of mulching film use (HistMF) was identified as the dominant factor influencing both MPs abundance and size, while climate variables such as radiation, temperature, and humidity further intensified fragmentation. Without intervention, MPs could exceed 10,000 items/kg by 2050 under the HFS. This research highlighted the need to strengthen mulching film production and plastic waste management in farmlands, particularly in regions with extreme climatic conditions, and provided scientific support for MPs control.",environmental science
"Carbon-inclusive policies that modify daily activities are crucial for reducing emissions. The Credit Charge-cum-Rebate (CCR) scheme is a promising approach to encouraging pro-environmental behavior, balancing fiscal and emission performance. However, it remains theoretically underexplored. To address this, an experimental study with 270 participants was conducted. A validation experiment identifies significant theory-practice deviations, particularly in the low-credit group, which jeopardizes fiscal sustainability. Three non-financial interventions are tested, with low-credit feedback using downward social comparison proving most effective at improving fiscal outcomes. A Beijing-based case study illustrates potential savings of billions of yuan over six years. The study recommends that policymakers implement targeted interventions such as downward comparisons for penalized low-credit users, and integrate non-financial tools more widely.",environmental science
"Taxonomic classification plays a crucial role in understanding the diversity and evolutionary relationships among bacteria. Accurately classifying bacterial DNA sequences based on a limited 500-bp segment remains challenging. This paper presents an improved Fuzzy-weighted Convolutional Neural Network (F-CNN) for taxonomic classification of bacterial DNA sequences, specifically focusing on the 500-bp segments. The proposed model aims to overcome the limitations of traditional classification methods by leveraging the power of deep learning and fuzzy logic processing. The improved fuzzy deep learning model is proposed to handle the problem of classifying samples with similar probabilities in the classification layer. It incorporates a feature selection stage using various techniques and a fuzzy weighting system to handle the uncertainty associated with similar classes in the classification layer and optimize parameters using fuzzy weights. The experimental results on the Ribosomal Database Project Release 11 (RDP 11) sequences dataset show the superiority of the proposed model, especially at the 500-bp region. Experimental results on the RDP 11 dataset, which includes over 1.4 million bacterial gene sequences, demonstrate the superior performance of the proposed model, achieving a classification accuracy up to 84.03% at the genus level for 500-bp segments and demonstrating high generalization when applied to longer sequences. This paper has significant implications for various fields, including microbiology, epidemiology, and environmental science, where accurate classification of bacteria is crucial for understanding their roles in different ecosystems and disease outbreaks.",environmental science
"Indole and its derivatives, as widely prevalent nitrogen-containing heterocyclic compounds, play a complex dual role in environmental systems. Based on a comprehensive review of literature from 2017 to 2025, this work summarizes the metabolic mechanisms, functional properties, and ecological effects of indole and its derivatives, establishing an interdisciplinary framework for understanding their environmental behavior and applications. Significant potential is highlighted in environmental remediation, particularly in enhancing plant-based phytoremediation of heavy metals. These compounds also show promise in the development of novel indole-based materials for efficient adsorption, pollutant degradation, and CO",environmental science
"Air pollution, a major global health and environmental threat, necessitates accurate forecasting to support timely interventions and policy-making. Data-driven approaches, increasingly powered by artificial intelligence (AI), have gained traction in air quality prediction, leveraging their capacity to model complex, nonlinear patterns in environmental data. Deep learning models, such as Long Short-Term Memory (LSTM) networks, excel at capturing temporal dependencies but are hindered by their discrete-time framework, overlooking the continuous dynamics of air pollution driven by physical and chemical processes. This limitation compromises their performance, especially with irregular or sparse observations. Neural Ordinary Differential Equations (Neural ODEs), introduced in 2018, offer a continuous-time modeling paradigm by parameterizing derivatives with neural networks, yet their application to environmental sciences remains underexplored, with many implementations retaining single-scale latent dynamics and lacking calibrated uncertainty estimates. Here, we present a novel Multi-timescale Attention Neural ODE (MA-NODE) framework for multi-step air pollution forecasting, marking one of the first such efforts to our knowledge. Its continuous-time formulation reduces multi-step discretization error and natively accommodates irregular sampling, addressing key limitations of discrete-time deep models. Our model decomposes latent dynamics into fast, medium, and slow timescales, reflecting diverse temporal behaviors, and integrates an attention mechanism to enhance feature synthesis. Evaluated on real-world datasets encompassing PM2.5, O3, NO2, SO2, CO, and PM10, it achieves an R² exceeding 0.9 for three-step-ahead predictions, outperforming traditional and state-of-the-art methods, with 10-15% lower MAE/RMSE and well-calibrated 95% interval coverage (≈ 0.90). This work advances air quality forecasting by harnessing Neural ODEs' continuous modeling capabilities, while operating directly on station observations without gridded meteorology, offering a robust tool for environmental management. By bridging computational innovation with ecological needs, it paves the way for broader Neural ODE applications in environmental science, strengthening public health and sustainability efforts.",environmental science
"Crimean-Congo hemorrhagic fever (CCHF) is currently implicated as a public health threat in Iraq. This perspective study explored the increasing rate of CCHF cases during the COVID-19 pandemic, as well as climate change and human-animal conflict during festivities. CCHF mainly spreads through contact with infected humans/animals and by",environmental science
"Meta-analysis is commonly a core component of systematic reviews and has become an important method to reconcile conflicting findings, increase statistical power, and chart new research directions. However, poor reporting practices make it challenging to evaluate the validity of meta-analyses. Despite the existence of reporting checklists, a specifically designed tool has yet to be developed to appraise the completeness with which a meta-analysis has been reported. To bridge this gap, we introduce the Meta-analysis Appraisal Tool for Environmental Sciences (MATES). To develop MATES, we adapted a Delphi process involving experts in meta-analysis methodologies, researchers with experience in guideline/appraisal tool development, and editors of relevant journals. The Delphi process had five steps, including three workshops (11-16 participants), a survey (193 participants), and a validation task (30 participants). This iterative development process resulted in a 14-item appraisal tool that reflects the environmental science and research syntheses community's consensus on essential elements to appraise the completeness with which a meta-analysis has been reported. Validation across 50 meta-analyses demonstrated that the tool is repeatable (average agreement rate: 88.97 %) and time-efficient to implement (17.00 ± 12.23 min). We also outline guidance for interpreting MATES results, describe its potential applications, and reflect on the development process. The authors provide practical implementation guidance for each MATES item, illustrated with real examples in the supplementary material. We also report an extended development methodology to support reproducibility. Finally, we built created a ShinyApp that includes both a training module and an application tool to enhance the usability of MATES (https://kylemorrisonisshiny99.shinyapps.io/MATES_shiny/). Overall, MATES provides authors, readers, stakeholders, and editors with a reliable and accessible tool for appraising the completeness with which a meta-analysis in environmental sciences has been reported.",environmental science
"With the large-scale deployment and continuous retirement of lithium-ion batteries (LIBs), the resource utilization of spent LIBs has become a research focus in the field of energy and environmental science. Traditional element recovery strategies contribute to resource conservation and environmental protection but are often constrained by complex procedures, high costs, and low product value, limiting their economic sustainability. Developing high-value regeneration pathways is therefore essential for the sustainable growth of the LIB recycling industry. The cathode materials of LIBs, rich in multivalent transition-metal oxides with abundant oxygen vacancies and redox activity, and the graphite anodes with high conductivity and structural defects, offer promising precursors for catalyst fabrication. Recycling these electrodes into functional materials for electrocatalysis and environmental catalysis provides an effective route for value-added utilization of spent LIBs. This review systematically analyzes the feasibility and recent progress in converting spent LIBs into catalysts, emphasizing their applications in electrocatalysis (OER, ORR, HER), organic pollutant degradation, and multifunctional catalytic systems. The major challenges are summarized, and future research directions are proposed, including the development of green, low-energy synthesis routes, controllable structural and interfacial design, and comprehensive life-cycle and techno-economic assessments. This work aims to provide an integrated understanding and theoretical reference for the high-value recycling of spent LIBs, promoting their deeper integration into green and sustainable development frameworks.",environmental science
"Anthropogenic activities, such as industrial processes, urban development, intensive agriculture and waste disposal, have significantly contributed to the continuous introduction and accumulation of a wide array of xenobiotic compounds into natural ecosystems. Among them, emerging contaminants (ECs) such as pharmaceuticals, endocrine-disrupting chemicals (EDCs), and per- and polyfluoroalkyl substances (PFAS) are of increasing concern due to their persistence, bioactivity and limited regulation. ECs enter ecosystems through diverse pathways including wastewater discharge, agricultural runoff and atmospheric deposition. Once released, many of these xenobiotics can bioaccumulate in organisms and enter the food chain, posing serious risks to food safety and public health. Traditional physico-chemical remediation methods are often insufficient or environmentally taxing, prompting a shift toward bio-based alternatives like bioremediation. These approaches, which rely on the activity of microbial communities to degrade pollutants, offer more sustainable solutions but require further interdisciplinary research to optimise their use. The One Health framework provides an effective model for addressing the complex risks posed by xenobiotics. This research programme aims to harmonise methodologies for cumulative dietary risk assessment across Europe and explore microbial strategies for xenobiotic degradation. By integrating microbiomics, toxicology, environmental science and food safety, this approach supports the development of safer food systems and more effective pollution management in line with the 'farm to fork' and One Health principles.",environmental science
"The hydrophobic force occurs widely in fields involving hydrophobic surfaces, such as biology, material science, mineral industry, health, environmental science, and technology. The mechanisms of energy evolution and force at hydrophobic interfaces remain unclear. Here, the hydrophobic interaction energy is regarded as the cohesive energy of the bulk minus the interaction energy between the interfacial water and the solid surface. To describe the decay of hydrophobic energy toward the bulk, interfacial water molecules are divided into multiple layers. Based on microstate number calculations, the number of newly generated water molecules with the same energy as bulk in each layer is obtained. It is thought that the outer layer attaches an equal amount of water molecules with the same energy as the bulk in the adjacent inner layer. Then, the hydrophobic energy decay from the solid surface to the bulk is calculated by the amount of water molecules and their energy. Through the Derjaguin approximation, the hydrophobic interaction force for interfaces with different hydrophobicities is obtained, representing the mutual attraction induced by the interfacial liquid. Using hydrogen-bond energy states and Boltzmann distribution, interfacial ligands are classified, and detailed configurations of interfacial water molecules are derived. The effects of hydrophobicity on the interfacial dielectric constant and refractive index are then determined to modify the Derjaguin-Landau-Verwey-Overbeek theory and electrostatic adsorption. Furthermore, the effect of the temperature on hydrophobic interactions is also theoretically derived. The experimental value is more consistent with the theoretical prediction under medium contact angles than in other research studies. At large contact angles, cavitation caused by weak liquid-solid interaction reduces short-range forces, while rough modified surfaces produce long-range hydrophobic force tails. Elevated temperature disrupts bulk cohesion, weakens hydrophobic interactions, and generates more low-coordinated water molecules. By adjusting the parameters, the theory can also be applied to hydrophobic forces between bubbles and particles, providing theoretical significance for hydrophobic interface studies.",environmental science
"Manganese oxide-modified biochar (MBC) has attracted much attention as a multifunctional environmental remediation material. This work systematically examines the remediation mechanisms of MBC and its applications in environmental pollution control, with a focus on its potential for adsorbing and immobilizing soil and water pollutants. We provide a detailed analysis of the relevant interfacial reaction processes, including charge interactions, surface coordination, redox reactions, and ion exchange, emphasizing their roles in pollutant remediation and degradation. In terms of environmental applications, this review summarizes the research progress on the utilization of MBC in the treatment of wastewater and contaminated soils, with a particular focus on its effectiveness in removing these pollutants. This work establishes a theoretical basis for the utilization of MBC as a highly efficient and sustainable adsorption material for environmental pollution control and provides a scientific reference for further research on its interfacial mechanisms and practical application.",environmental science
"Integrating ecosystem service (ES) supply-flow-demand relationships across multiple scales is crucial for effective ecological management. Using the Shanxi Yellow River Basin as a case study, we evaluated six ESs at the grid, watershed, and county scales in 2020. By applying redundancy analysis and extreme gradient boosting, we identified key drivers and simulated ES flows. Results show: (1) overall ES supply meets demand, with most ESs clustering in the northwest and southeast, while crop production dominates central lowlands; (2) supply-demand mismatches exhibit scale-dependent effects, showing fine-grained details at grid level but amplified heterogeneity at broader scales; (3) while main drivers (temperature, precipitation, population density, GDP) remain constant across scales, their influence intensity varies markedly; (4) ES flows display distinct directions, with recreation and crops moving urban-to-rural, while other ESs oppositely. This framework offers a transferable approach for watershed-scale sustainability planning in regions facing ecological-economic trade-offs.",environmental science
"The rapid expansion of built-up land has disrupted carbon dynamics, intensifying climate instability. Understanding how green and gray infrastructure patterns influence carbon emissions is crucial, yet most analyses either treat them separately or overlook local heterogeneity. This study adopts village-town clusters as minimum planning entities to explore how integrated green-grey infrastructure land cover patterns (IGGI-LCPs) affect net carbon emission intensity (NCEI). Using eight representative village-town clusters (74 villages) in Zhejiang Province, China, we developed an IGGI-LCP quantification system and a dual carbon accounting framework. GWR and MGWR show that dense gray infrastructure consistently increases emissions, while green coverage mitigates emissions only when forming large ecological cores. GDP density drives emissions, whereas population density shows indirect, context-specific effects. Threshold analysis shows NDGG ≤ -0.20 for carbon sinks, NDGG ≥ +0.20 for carbon sources, and -0.20 ≤ NDGG ≤ +0.20 indicates a balanced green-grey configuration. Findings emphasize adaptive and region-specific strategies to support low-carbon planning amid rural transformations.",environmental science
"Invasive pests threaten agriculture, yet risks from related non-invasive species are understudied. We constructed a framework integrating species distribution models (biomod2), niche analysis, and multivariate environmental similarity surface (MESS) to assess the invasion risk of",environmental science
"Cyclodextrins are amphiphilic macromolecular containers that are particularly valuable in applications ranging from biomedicine to environmental science. Despite years of development of computational techniques for cyclodextrin host-guest coordination, accurate modelling of these supramolecular systems remains challenging. In this work, an integrative computational technique is presented to solve this problem. The protocol integrates a force-field recalibration procedure, equilibrium enhanced sampling, nonequilibrium Hamiltonian switching, a work convolution algorithm, a series of finite-size corrections, and energy decomposition analysis. A large-scale survey of 222 CD host-guest systems is performed to demonstrate that the protocol enables the fast calculation of cyclodextrin host-guest binding strength without compromise in accuracy, an unbiased capture of cyclodextrin dynamics in the free CD, and the multi-modal behavior of the coordination patterns, and further the identification of the physicochemical driving force stabilizing host-guest complexes. Especially, the protocol consistently provides accurate results for various systems while conventional transferable force fields systematically fail for larger and more flexible 𝛾-CD. It thus opens new opportunities for high-throughput screening and rational design across diverse macrocyclic host families.",environmental science
"The Society of Environmental Toxicology and Chemistry (SETAC) is a global organization whose mission is the advancement of environmental science and management through collaboration, leadership, communication and education. On SETAC's 45th anniversary, the following question was raised: Are the 1979 founding principles of SETAC, multidisciplinary approaches to solving environmental problems, multisector engagement and scientific objectivity, still useful, adequate and effective in fulfilling its mission? In a special session held at the 45th Annual Meeting in Fort Worth, Texas, United States, a critical evaluation of the founding principles was initiated by reviewing SETAC's history and ongoing activities, and recommendations were made for the future. With few exceptions, participants appreciated SETAC's purposeful efforts to approach challenging environmental issues through multisector balance, an approach that is unique amongst scientific societies. We recognized that scientists have biases and views of what they find important, regardless of employing organization, and that objectivity is best served by being aware of these biases and views. SETAC's founding principles have stood the test of time and continue to provide a strong foundation for the Society's mission, and with a few suggested improvements, will continue to be instrumental in guiding environmental science, stewardship and policy into the future. The significance of SETAC's contribution of robust science grounded in reliable evidence and data was recognized as being especially crucial at this time of triple planetary crisis (climate change, pollution and biodiversity loss), compounded by rapid technological developments and geopolitical issues.",environmental science
"The development of advanced semiconductor-based catalysts for the rapid degradation of emerging pharmaceutical pollutants in water remains a critical challenge in environmental science. In this study, we present the synthesis, characterization, and catalytic performance of zinc oxide (ZnO) microtetrapods decorated with plasmonic Ag nanoparticles. These microtetrapods have been designed to enhance piezo-, photo-, and piezo-photocatalytic degradation of metronidazole (MNZ), a persistent antibiotic contaminant. ZnO microtetrapods were synthesized by high-temperature pyrolysis and using atmospheric-pressure microwave nitrogen plasma, followed by photochemical deposition of Ag nanoparticles at various precursor concentrations (0-1 mmol AgNO",environmental science
"Plant-based natural polymers are gaining attention as ecofriendly alternatives to synthetic materials with applications in food, biomedical, pharmaceutical, and environmental science. Tragacanth gum (TG), a natural exudate obtained from",environmental science
"""Green Endoscopy"" is now a worldwide movement that has captured the energy and imagination of the endoscopy community. It describes the effort to lessen the environmental impact of clinical practice by altering equipment, clinical pathways, and purchasing. While many suggestions or recommendations have been put forward, there is still much to be done in order to understand and regulate these attempts, to avoid unintended consequences and further environmental harm. This review highlights current thinking as well as fundamentals of environmental science and analysis, pertaining to our rapidly growing field.",environmental science
"Climate change and extreme weather events (EWEs) have an adverse impact on both populations and their surrounding environment. These effects span regions and sectors, with varying impacts, some of which are irreversible. The changing climate, accompanied by an increasing frequency of EWEs, necessitates assessment of climate vulnerability as an important applied instrument to identify populations and systems at risk and guide decision-makers in prioritising targeted interventions. Africa exhibits considerable climatic variability and is particularly susceptible to the impacts of climate change. This review aims to identify key concepts and metrics previously used to define climate vulnerability in Africa facilitating a regional understanding of approaches across various sectors that can be adopted to understand the gaps and limitations as a basis to improve future methods. We searched literature from 1st January 2003 to 31st December 2023, restricted to publications in English. We analysed the extracted data using both descriptive and thematic approaches, consistent with established scoping review frameworks (Arksey & O'Malley, 2005). Specifically, we used descriptive statistics to summarise study characteristics (e.g., year, location, and type of method) and thematic analysis to identify approaches and frameworks used to assess climate vulnerability in Africa. We retrieved 94 articles in the review. Most studies were conducted in South Africa (14/94, 15%) and Ethiopia (16/94, 17%). Vulnerability assessments were predominantly conducted in the agriculture (29/94, 31%) and environmental science (30/94, 32%) sectors. Thirteen vulnerability frameworks emerged, with the majority associated with the Intergovernmental Panel on Climate Change assessment report four framework. The primary vulnerability methods were the use of linear aggregation (66/94, 70%) and unbalanced weighting (39/94, 41%). Flooding and rainfall were the most studied climatic hazard and EWEs in Africa. Few studies assessed climate vulnerability in health science, despite its critical importance. Existing frameworks demonstrate growing innovation; however, their methodological rigour varies, with inadequate contextual validation of indices and models. The methodological robustness enhances the selection of models that align with the specific dynamics and context of the system being evaluated. These methods guide policymaking and resource prioritization, by quantifying climatic vulnerability. The online version contains supplementary material available at 10.1186/s44329-025-00041-7.",environmental science
"The assessment of heavy metal pollution in aquatic environments is a complex, multifaceted process that requires a multidisciplinary approach integrating pollutant inventory, chemical and biological monitoring, source apportionment, and toxicity testing. While traditional frameworks, such as Sediment Quality Guidelines (SQGs) and Risk Assessment Codes (RAC), have provided valuable insights, they often oversimplify environmental complexities and fail to consider site-specific conditions, particularly in tropical and subtropical ecosystems. Furthermore, these frameworks typically focus on total metal concentrations without adequately addressing bioavailability, which may misrepresent actual ecological risks. This review highlights the importance of incorporating bioassay-derived endpoints, such as mortality, growth inhibition, and bioaccumulation, to enhance the ecological relevance of assessments. We identify significant research gaps, particularly in developing countries where pollution risks are exacerbated by unregulated industrial activities and inadequate waste management practices. The underutilization of emerging tools such as molecular biomarkers, transcriptomics, and biosensors, as well as the lack of region-specific case studies, further limits the accuracy of environmental risk assessments. To address these gaps, we recommend the development of regionally adapted sediment quality benchmarks, the advancement of bioassay protocols using native species, and the integration of emerging technologies. Additionally, fostering interdisciplinary collaboration across environmental science, toxicology, public health, and social sciences, as well as engaging local communities through participatory monitoring and citizen science, will be critical in improving the inclusiveness, accuracy, and impact of heavy metal pollution assessments. By advancing these approaches, we can better safeguard both ecosystem health and human well-being.",environmental science
"Large language models (LLMs) are transforming broad research areas, yet concerns about their trustworthiness remain. This study explored the use of Retrieval-Augmented Generation (RAG) to improve LLMs' knowledge extraction in the field of mealworm-mediated plastic degradation. We integrated publications up to June 2024 (75 papers) to evaluate the model performance using a curated data set of 100 queries. GraphRAG, LightRAG, and a traditional RAG were examined with five LLM models (GPT-4o, GPT-5, Deepseek-V3.1, Qwen-plus, and Llama-3.3). Our results reveal that LightRAG improved LLMs the most in information extraction. Specifically, for quantitative information extraction, the best performing RAG + LLM pipeline achieves over 92% accuracy. Meanwhile, for open-ended queries, LightRAG + Llama answers the questions with the best balance of precision and information coverage. Moreover, empirical results validated the answers about the mealworm gut microbiome composition and plastic deconstruction patterns through the LightRAG + Llama pipeline. In designing plastic biodegradation experiments, the original LLMs outperformed RAG-trained LLMs. The expandable nature of RAG enables timely updates to the knowledge base. This study demonstrates a reliable application of advanced LLMs in the emerging environmental science field. Our findings identify challenges, such as conflict handling, and guide future research in scientific artificial intelligence.",environmental science
"Climate change is a critical global challenge that significantly impacts the redistribution of malaria endemicity worldwide. While efforts have been made to model malaria transmission using climatic factors, relying solely on these factors can lead to discrepancies and ineffective decision-making. To address this, we used the VECTRI model-a dynamic framework developed by the International Center for Theoretical Physics (ICTP) that integrates both climatic and entomological factors-to map malaria risk for India and project its potential future under the SSP370 warming scenario. Our findings indicate that the length of malaria transmission is expected to increase across India by the end of this century. The shift of malaria endemicity to further north and also into highland areas could increase the at-risk population due to lower immunity in these regions. Therefore, integrated climate and entomological modeling is essential for effectively anticipating malaria transmission risks and enhancing public health responses.",environmental science
"This study aims to advance urban low-carbon transformation and foster a sustainable, livable environment. By utilizing MOD17A3 NPP and meteorological data, the net ecosystem production (NEP) of the Huaihai Economic Zone from 2001 to 2023 was estimated. The research used trend analysis, centroid migration models, the Hurst index, spatial autocorrelation, partial correlation, and the optimal parameter geographic detector (OPGD) to investigate the spatiotemporal evolution and driving mechanisms of NEP. Results indicate an overall increasing trend in NEP, with 57.62% of the region showing growth, although some areas experienced declines. Most areas (51.89%) display weak anti-persistence. Gross domestic product (GDP) and population density significantly account for its spatial heterogeneity. Based on these findings, the study recommends prioritizing ecological restoration in areas characterized by high volatility and weak anti-persistence and optimizing carbon sink strategies in regions where economic growth and vegetation conditions present synergistic advantages.",environmental science
"Field courses often serve as undergraduate students' first exposure to field-based learning and are associated with a range of positive student outcomes including confidence in research skills, motivation to take more science classes, and learning gains. However, barriers such as family or work time commitments (i.e., most field courses are 7 weeks) can limit participation and inclusion, particularly for marginalized students. Much of the existing literature centers around traditional, multi-week field experiences, creating a need to better understand outcomes related to shorter field courses. This study explored a weekend-long field course designed to provide an early, low-stakes research experience for undergraduate ecology and environmental science majors. Over 3 years and seven iterations of the course, we collected pre/post survey data (",environmental science
"Environmental (in)justice research uses various conceptual frameworks and methodological approaches, leading to fragmentation across contexts and disciplines. Our systematic review provides a methodological overview of how environmental (in)justice has been studied in 421 English-language scientific articles. Most studies approach environmental (in)justice from a quantitative and interdisciplinary perspective, primarily using purposive sampling, secondary data, and GIS/remote sensing tools with an emphasis on distributive justice. Although there is a notable diversification over time in data collection and analysis, there is a strong geographic bias with short-term, locally focused, and limited actor involvement, though actor diversity is growing over time. We identified eight thematic clusters with distinct methodological patterns: health, pollution, governance, climate change, collaboration, access, and green space. The lack of broadly adopted methodological approaches for evaluating environmental (in)justices largely stems from the context-specific, multi-scalar nature of cases and the philosophical and normative diversity embedded in the EJ concept itself.",environmental science
"Understanding the behavioral drivers of technology adoption is critical to promoting public health in rural areas, particularly in the context of safe drinking water. This study investigates the psychological determinants of adopting a community-based water purification technology deployed in 300 rural communities. Using a two-stage regression framework, we correct for endogeneity in behavioral models, showing that adoption itself can reshape psychological drivers such as perceived benefits and descriptive norms. Cultural factors, measured through Hofstede's dimensions and World Values Survey constructs, serve as instrumental variables to address reverse causality. Our findings reveal that cultural factors such as generalized morality, belief in hard work, and collectivism indirectly shape adoption behavior by influencing psychological perceptions. These results offer methodological and practical contributions by demonstrating how culturally informed interventions, aligned with community values, can enhance the long-term adoption of water purification initiatives.",environmental science
"Predictive chemical kinetic modeling is foundational to areas ranging from energy and environmental science to pharmaceuticals and advanced materials. While significant progress has been made in automating individual steps, the development of a complete predictive model remains a human-intensive effort to orchestrate existing software tools and revise models. This perspective outlines a practical path to improved chemical kinetic model development using agentic AI. A dual-lane architecture is introduced: a fast execution lane handles mechanism generation and parameter refinement, while a deliberative agentic lane plans, refines, and revises while executing experiments and computations. The proposed outcome is a robust pathway toward decision-grade models. Humans remain central: researchers set objectives and priors, approve high-impact actions, and adjudicate new chemical insights. Creativity, complex judgment, and strategic thinking remain in the human domain. Ultimately, this approach aims to accelerate trustworthy, transparent, decision-grade model development.",environmental science
"Ocean acidification (OA) poses a significant global threat to marine ecosystems, fisheries, and coastal livelihoods. While several countries have established robust monitoring and mitigation strategies, many regions, including India, are still developing comprehensive responses. Given India's heavy reliance on ocean-based resources, it is crucial to integrate OA considerations into national marine policies to safeguard biodiversity, support sustainable seafood production, and protect vulnerable coastal communities. In alignment with Sustainable Development Goal (SDG) Target 14.3, which calls for enhanced scientific cooperation and monitoring to address OA, this review highlights key gaps in India's current OA research and policy landscape. It proposes a strategic framework encompassing improved monitoring systems, socio-ecological impact assessments, and targeted policy interventions. By fostering a holistic and collaborative approach, the study aims to strengthen India's OA resilience and contribute to broader global mitigation efforts.",environmental science
"Loess exhibits high porosity and structural vulnerability, presenting serious geotechnical challenges in arid and semi-arid regions. In this study, the use of flue gas desulfurization (FGD) gypsum, a coal combustion by-product, as a sustainable alternative to traditional stabilizers was investigated. The resulting mechanical properties showed that incorporating 20% FGD gypsum could increase the unconfined compression strength of loess by about four times. The microstructural characterization (FTIR, XRD, SEM, and CT) confirmed improved cementation via CaSO",environmental science
"Hainan Province is a key region for investigating carbon balance dynamics in tropical ecosystems. This study used the integrated valuation of ecosystem services and tradeoffs (InVEST) model and an improved net ecosystem productivity (NEP) model to simulate the spatial distribution of carbon balance in Hainan Province's terrestrial ecosystems and identify key driving factors. Results show that carbon balance values are higher in the central region and lower in the periphery, increasing from coastal to inland areas. The central region, with its elevated terrain and dense forest cover, shows greater capacity for carbon absorption and conversion, leading to higher carbon balance. In contrast, coastal areas exhibit lower carbon stocks, mainly due to human disturbances. Land-use changes driven by humans are the primary factor shaping the spatial distribution of carbon balance. Thus, green planning and development should prioritize high carbon-emission areas to restore and enhance ecosystem carbon sink functions.",environmental science
"Accurate firn density estimation is essential for assessing glacier mass balance. However, the accuracy of existing firn densification models (FDMs) is limited by an incomplete understanding of firn compaction dynamics, particularly as firn structure alters in warming conditions. This study proposes the firn density prediction transformer (FDTransformer), a deep learning framework that combines firn densification physics to improve density estimation. By employing the transformer network with sequential self-attention mechanisms, the FDTransformer learns a nonlinear mapping between physical firn parameters input and observed firn density, enabling physics-to-density sequence transformation. These physically constrained parameters are estimated by applying physics-based FDMs. Evaluated using",environmental science
"The circular economy has emerged as a transformative framework in environmental research, promoting resource efficiency, waste reduction, and sustainable production-consumption cycles-crucial for addressing marine pollution challenges. The growing urgency of marine environmental degradation and the global shift toward a sustainable blue economy have driven interdisciplinary research linking ocean health and economic development. This study conducts a bibliometric analysis of 3261 Scopus-indexed publications (1990-2025), focusing on the thematic convergence of marine pollution and blue economy discourses. Using keyword co-occurrence mapping, the analysis identifies major research clusters related to marine contaminants, wastewater treatment technologies, circular economy practices, environmental economics, and marine governance. Results reveal three dominant thematic domains: (1) marine and coastal pollution, including plastic debris, oil spills, and harmful algal blooms; (2) sustainability and life cycle approaches tied to economic valuation and waste management; and (3) ocean policy, ecosystem services, and climate resilience. Central cross-cutting terms-such as sustainability, monitoring, and ecosystem valuation-highlight the field's integrative nature. A thematic literature review further synthesised interdisciplinary insights. This study proposes an Integrated Marine Sustainability Framework (IMSF) linking marine sustainability outcomes to key drivers-pollution, technology, and policy-moderated by governance and stakeholder engagement. It underscores circular economy and blue economy strategies to minimize marine pollution, ensuring environmental protection, economic growth, and effective, integrated ocean management for sustainable development. This study contributes to a deeper understanding of the knowledge structure and priorities in marine environmental science, offering insights for policy alignment, academic collaboration, and future research on sustainable ocean development.",environmental science
"This Perspective explores the transformative potential of multi-agent systems (MAS) powered by Large Language Models (LLMs) in the geosciences. Users of geoscientific data repositories face challenges due to the complexity and diversity of data formats, inconsistent metadata practices, and a considerable number of unprocessed datasets. MAS possesses transformative potential for improving scientists' interaction with geoscientific data by enabling intelligent data processing, natural language interfaces, and collaborative problem-solving capabilities. We illustrate this approach with ""PANGAEA GPT,"" a specialized MAS pipeline integrated with the diverse PANGAEA database for Earth & Environmental Science, demonstrating how MAS-driven workflows can effectively manage complex datasets and accelerate scientific discovery. We discuss how MAS can address current data challenges in geosciences, highlight advancements in other scientific fields, and propose future directions for integrating MAS into geoscientific data processing pipelines. In this Perspective, we show how MAS can fundamentally improve data accessibility, promote cross-disciplinary collaboration, and accelerate geoscientific discoveries.",environmental science
"Soil arsenic (As) contamination presents serious threats to ecosystems and human health, necessitating the development of accurate and efficient monitoring techniques. This study introduces a novel multi-source data fusion approach to enhance the hyperspectral inversion of soil arsenic concentrations by integrating dimensionality-reduced spectral data with soil components significantly correlated with arsenic (e.g., Cd, Cr, Cu, Ni, Pb, Zn, S, and total Fe",environmental science
"Materials featuring integrated nanostructures and components exhibit promising multifunctional properties, making them well-suited for cutting-edge applications. Herein, we employed post- and pre-doping strategies to introduce Fe(III) ions into polydopamine (PDA) nanospheres for the construction of asymmetric yolk@shell structured Fe-doped PDA or carbon@mesoporous silica composite particles. The pre-doping strategy yielded PDA with a maximum Fe(III) content of 8.6%, far exceeding the 0.96% achieved by the post-loading approach. The variations in Fe(III) content influenced the core-to-cavity volume ratio of Fe-doped PDA@mesoporous silica composites, with higher Fe(III) levels corresponding to lower surface roughness of the shell layer. In the photothermal tests, under 808 nm near-infrared (NIR) irradiation at a power density of 1 W cm",environmental science
"Artificial intelligence (AI) is gaining momentum in earth sciences as a tool to analyze complex natural hazards and their impacts. Such analyses are critical for effective Early Warning Systems (EWSs), which is aiming to generate timely and actionable risk information to protect sectors, systems, and people. Despite advancements in AI, its role in EWS remains underexplored across the four pillars of the Early Warning for All (EW4All) framework; risk knowledge, forecasting, warning dissemination and communication and response preparedness. This study draws on a systematic literature review to assess AI methods utilized in the context of EWS, examines their challenges and opportunities and discusses guiding questions for responsible use. Our study highlights key gaps across knowledge, application and policy. Moreover, we call for coordinated efforts to develop responsible AI frameworks that enhance EWS while ensuring they remain inclusive, accessible, and people-centred that ultimately supports the goal of EW4All by 2027.",environmental science
"Water at interfaces exhibits unique properties that differ markedly from those of bulk water. In particular, a myriad of water-interface-related enhanced reactivities including on-water catalysis and microdroplet chemistry have been documented since the 1980s but remain mechanistically unclear. This review focuses on recent advances in optical spectroscopy and imaging techniques-including fluorescence imaging, vibrational Stark spectroscopy, electrochromism, sum-frequency generation, and high-resolution Raman micro-spectroscopy-that have successfully enabled the detection of interfacial electric fields at different hydrophobic water interfaces (air, liquid and solid). We summarize how both probe-based and label-free optical spectroscopic techniques can consistently quantify the on-water electric field strengths to be on the order of tens of MV cm",environmental science
"Determining solubilities of organic molecules is critical in various fields such as pharmaceuticals, agrochemicals, and environmental science. Knowing how a solute will dissolve in different solvents and at different temperatures is essential for drug formulation, synthesis, purification, and crystallization. Hard-to-estimate solubility limits currently hinder the design of new processes, making innovation more expensive. We propose a fast and general method for predicting the solubilities of neutral organic molecules in a wide range of solvents and temperatures. Our method uses a thermodynamic fusion cycle to combine machine learning predictions of the activity coefficient, fusion enthalpy, and melting point temperature. This method was tested on a combined data set with more than 100,000 experimental solubility values, showing better or comparable performance to competing methods on many solubility benchmarks even at elevated temperatures. We also introduce reference ensembling to leverage all available experimental solubilities for a given solute in estimating its solubility in a different solvent. Reference ensembling is also shown to enhance the robustness of models trained directly on solubility data.",environmental science
"Few studies have examined the impact of heat on individuals with rheumatic conditions. The elderly and economically and socially marginalized groups are disproportionately affected by heat and rheumatic diseases. We need to understand the interplay between individual, social, and environmental risk factors to prepare communities and individuals with rheumatic conditions for rising temperatures. This requires novel methodologies, using national and regional environmental data, partnerships with local environmental agencies, and statistical methods that account for nuances specific to heat and interactions with air quality. Community engagement, education, and advocacy are key to mitigate the growing health impact of rising temperatures.",environmental science
"In the Anthropocene epoch, opportunities for nature connectedness are diminishing, raising concerns for both individual well-being and the nurturing of environmental mindfulness in upcoming generations. The prevailing discussion emphasizes the urgency of strengthening our connection with nature, but this viewpoint still largely treats nature as a resource for human benefit. We believe that this human-centered perspective needs re-evaluation, and that a major shift of our understanding of the earth's ecosystems and our role in it may be necessary. In this study we bring together the latest environmental science assessments on planetary health with eco-critical research and the field of design. We explore how non-technological and technological interventions can facilitate a reconnection with nature. With the ambition to not only evoke emotional resonance with nature, but to also use this as a starting point for collective reflections and joint co-creation of a more sustainable future, we endeavor into a transformative approach. As a first step, we carried out two explorative reflection workshops with different stakeholders: one in a rural setting and one in an urban one, using transformative experiences (disruptive eco-visualizations) as interventions with the intent to evoke an emotional response amongst the workshop participants. This emotional response was used as a starting point for reflections on our current and potential future role as humans in the eco-system. The results show that the participants in the first workshop achieved a reconnection with nature, but some also showed signs of biophobia. In the second workshop, the young participants showed a very cynical view of the future of humanity through the use of art and sense of humor. These results point to the fact that it is more urgent than ever to find ways to reconnect people with nature, especially young adults, to counter the effects of eco-anxiety.",environmental science
"Aqueous solutions are crucial in chemistry, biology, environmental science, and technology. The chemistry of solutes is influenced by the surrounding solvation shell of water molecules, which have different chemical properties than bulk water due to their different electronic and geometric structure. It is experimentally challenging to selectively investigate this property-determining electronic and geometric structure. Here, we report experimental results on the non-local X-ray emission process Intermolecular Radiative Decay, for the prototypical ions Na",environmental science
"Microplastics (MPs) serve as habitats and vectors for microalgae-termed epimicroplastic microalgae (EMP-MA). This study analyzed the community structure and diversity of EMP-MA in three bays of Fujian Province, and compared them with planktonic microalgae (PM) communities. Results showed both EMP-MA and PM communities mainly comprised diatoms and dinoflagellates, but differed significantly. Specifically, the relative abundance of benthic microalgae in EMP-MA communities was significantly higher than that in PM communities, with all dominant species of EMP-MA communities being benthic species. These results meant that MPs primarily provide habitats for benthic microalgae and may expand their spatial distribution. In addition, environmental variables exerted weaker influences on EMP-MA than on PM, which might be attributed to the buffering effects of biofilm. This study holds significance for deepening the understanding of the vertical distribution dynamics of marine microalgae and the effects of MPs on marine biological processes.",environmental science
"In this article, we investigate which personality dimensions provide a common psychological basis for environmental measures and socio-moral orientations (e.g., feeling connected to others, perceiving the environmental problem as moral). In a cross-sectional study (",environmental science
"Tosylate (PEDOT:Tos), a conducting polymer, has emerged as a versatile material, yet its potential for gas sensing remains unexplored. This study presents the first investigation of pristine PEDOT:Tos as a chemiresistive gas sensor for detecting methanol (MeOH), at room temperature. We demonstrate that pristine PEDOT:Tos can detect methanol down to 5 ppm. Furthermore, we examine the influence of a simple urea surface treatment, which significantly enhances the sensor's performance. The urea-modified sensor exhibits an ∼3.7 times increase in response to 100 ppm MeOH (from ∼6 to ∼22% relative resistance change) and achieves a calculated limit of detection of 1.19 ppm. While the treatment improves response magnitude, it also increases the response and recovery times to 17 min and 8 h, respectively, suggesting strong analyte interaction suitable for cumulative sensing applications, such as long-term environmental or agricultural monitoring. Complementary density functional theory calculations confirm a charge transfer mechanism underpinning the sensing response. This work establishes PEDOT:Tos as a promising and easily modifiable material for room-temperature gas sensing, paving the way for new applications in industrial safety and environmental science. Furthermore, the demonstrated ease of surface modification offers a pathway for tuning electrical properties, enabling broader applicability.",environmental science
"Real-time monitoring of hypochlorous acid (HClO) remains challenging due to its high reactivity, facile decomposition, and potent oxidizing nature. Herein, a near-infrared (NIR) ratiometric fluorescent probe (PICH), designed for the specific and rapid detection of HClO, is reported. PICH achieves NIR emission by extending its π-conjugation through the strategic incorporation of olefinic double bonds as molecular linkers. Crucially, the double bond serves a dual purpose, acting as the specific recognition site for HClO and enabling the PICH's degradation mechanism. Upon reaction with HClO, PICH undergoes degradation, which disrupts its extended conjugation. This results in a significant hypsochromic shift in both excitation and emission spectra, effectively moving the signal out of the NIR range. This unique response enables PICH to achieve instantaneous (< 7 s), ratiometric detection of HClO with a remarkably low detection of limit of 44.2 nM. PICH exhibits outstanding selectivity for HClO over a wide range of competing reactive oxygen species. Consequently, PICH enables precise, transient monitoring of HClO dynamics in complex biological and environmental settings. It successfully tracks both endogenous and exogenous HClO fluctuations in live cell imaging. Furthermore, integrated with a smartphone-based platform, PICH facilitates real-time quantitative measurement of HClO levels in environmental samples. This work presents a rationally designed ratiometric NIR probe for the precise, instantaneous, and selective detection of HClO, offering a powerful tool for real-time HClO monitoring across diverse applications from cellular biology to environmental science.",environmental science
"Large Language Models (LLMs) have shown strong performance across natural language processing tasks, yet their general-purpose embeddings often fall short in domains with specialized terminology and complex syntax, such as hydrology and environmental science. This study introduces HydroEmbed, a suite of open-source sentence embedding models fine-tuned for four QA formats: multiple-choice (MCQ), true/false (TF), fill-in-the-blank (FITB), and open-ended questions. Models were trained on the HydroLLM Benchmark, a domain-aligned dataset combining textbook and scientific article content. Fine-tuning strategies included MultipleNegativesRankingLoss, CosineSimilarityLoss, and TripletLoss, selected to match each task's semantic structure. Evaluation was conducted on a held-out set of 400 textbook-derived QA pairs, using top-k similarity-based context retrieval and GPT-4o-mini for answer generation. Results show that the fine-tuned models match or exceed performance of strong proprietary and open-source baselines, particularly in FITB and open-ended tasks, where domain alignment significantly improves semantic precision. The MCQ/TF model also achieved competitive accuracy. These findings highlight the value of task- and domain-specific embedding models for building robust retrieval-augmented generation (RAG) pipelines and intelligent QA systems in scientific domains. This work represents a foundational step toward HydroLLM, a domain-specialized language model ecosystem for environmental sciences.",environmental science
"Site selection is a complex, multicriteria process and a key if poorly understood contributor to the success of new scientific facilities. Typical site selection factors include the budget, sustainability, accessibility, utility and infrastructure costs, and environmental factors, e.g., air quality. Ideally, site selection should also reflect the organizational imperatives that drive the construction of new facilities in higher education, such as stimulating cross-disciplinary scientific collaboration. Traditional site selection is ill-equipped to account for the complex configurational effects of the built environment on cross-disciplinary scientific collaboration. Systems approaches, like network analysis, enable the simultaneous examination of a system (e.g., built environment) and its parts. This paper reports on a novel application of network analysis to examine the potential for site selection for cross-disciplinary collaboration for the Plant and Environmental Science Building (PESB) at Michigan State University (MSU). The network analysis of the two potential PESB sites, A and B, helped to identify which of the two sites is better configured to foster connections within PESB's future research community. The results indicate site A's paths are less deep on average and have more connections between other pairs of paths. Site A's network is also more cohesive and less fragmented. Site A is thus better configured to support potential encounters and has a higher spatial legibility which correlates with better cognitive maps for individuals. These findings are all positively associated with collaboration. The study illustrates that network analysis can enable site selection that accounts for key organizational imperatives like cross-disciplinary collaboration.",environmental science
"In 2023, the world's oceans experienced record-high temperatures, particularly devastating Caribbean reefs. We use drone-derived imagery from before, during, and after the heatwave to quantify the spatial extent of bleaching and mortality of the primary reef-builder,",environmental science
"This research introduces a new two-parameter distribution (NTPD). The probability density function of the NTPD exhibits distinctive characteristics, making it a valuable tool for modelling various real-world phenomena. Several key statistical properties of the distribution, including the mode, reliability function, hazard function, moments, moment generating function, Rényi entropy, fuzzy reliability, stochastic ordering, and quantile function, are derived explicitly. The model parameters are estimated using sixteen classical methods, and their performance is assessed through a comprehensive simulation study. Applications to datasets with complex behaviors, such as high skewness and peakedness, from environmental science, biomedical science, and reliability engineering demonstrate that the NTPD provides a superior fit compared to several established distributions, including the Lindley, XLindley, modified Lindley, sine Lindley, and exponentiated inverse Rayleigh distributions.",environmental science
"Ecological niche represents the range of available resources or adaptable habitat environments and is highly relevant to species distribution, community composition, ecosystem functioning, and biodiversity conservation strategies. Despite the importance of niche's concept and application in ecology and environmental science, there is a lack of research on the mechanisms by which generalists with broad niches and specialists with narrow niches control tree diversity. Furthermore, there is need for studies that quantify the niches of species using various environmental variables for estimating different facets of diversity on a wide spatial scale. We used vegetation data from Korean national forest inventory for a total of 3262 plots of natural forests, including 715, 1607 and 940 plots of conifer, broadleaved, and 940 mixed stands, respectively. Using the averaging approach of multimodel inference, assessing the importance of each variable for impacting three facets of tree diversity such as species, phylogenetic and functional diversity, and piecewise structural equation modeling was used for evaluate the direct and indirect control mechanisms of abiotic and tree niche characteristics on three facets of tree diversity. The results showed that in all forest types, abiotic drivers affect taxonomic, phylogenetic and functional diversity of tree communities through similar contributions and pathways. Niche characteristics had a greater impact on three diversity facets than abiotic drivers. Moreover, among the three diversity facets niche characteristics had a greater impact on species diversity. Our results provide insights into the importance and potential utility of niche characteristics in estimating different facets of biodiversity indices. Based on the results of this study, the sustainable management strategies of forest ecosystems including enhancement of biodiversity and restoration to make health ecosystem need to be organized around niche types (e.g., generalists, specialists) and breadth of species according to environmental conditions and forest types.",environmental science
"Phytogenic synthesis of nanoparticles with plant extracts offers a novel approach to nanotechnology and provides prospects for their applications in medicine, agriculture, or environmental science. However, their antifungal activities have been least explored hitherto. The CuNPs were synthesized using bioactive molecules present in Eucalyptus globulus L. leaf extract, and their antifungal activity against selected Fusarium species was tested. Copper nanoparticles (CuNPs) were synthesized by mixing plant leaf extract and CuSO Analysis of SEM affirmed the shape of CuNPs as square and triangular with a particle size of 13-88 nm. EDX analysis revealed a high level of purity, emphasizing the presence of Copper (Cu), Oxygen (O), and Carbon (C) atoms. FTIR spectroscopy revealed significant phytochemical bands, highlighting the nanoparticle's capacity to diminish Cu ions, which encompass polyphenols (3738.05 cm The synthesized CuNPs can be an effective environmentally friendly method currently available for fungicides. This study suggests the search for effective innovative NPs synthesis and their application in addressing various urgent problems of agriculture and environmental management.",environmental science
"Single-molecule localization microscopy generates point clouds corresponding to fluorophore localizations. Spatial cluster identification and analysis of these point clouds are crucial for extracting insights about molecular organization. However, this task becomes challenging in the presence of localization noise, high point density, or complex biological structures. Here, we introduce MIRO (Multifunctional Integration through Relational Optimization), an algorithm that uses recurrent graph neural networks to transform the point clouds in order to improve clustering efficiency when applying conventional clustering techniques. We show that MIRO supports simultaneous processing of clusters of different shapes and at multiple scales, demonstrating improved performance across varied datasets. Our comprehensive evaluation demonstrates MIRO's transformative potential for single-molecule localization applications, showcasing its capability to revolutionize cluster analysis and provide accurate, reliable details of molecular architecture. In addition, MIRO's robust clustering capabilities hold promise for applications in various fields such as neuroscience, for the analysis of neural connectivity patterns, and environmental science, for studying spatial distributions of ecological data.",environmental science
"Moringa oleifera seed, establishing as a valuable bioresource due to its multifaceted role in promoting environmental sustainability, human health, and animal well-being. The present review aims to explore the role of Moringa oleifera seed as a catalyst in promoting sustainable integrated approaches and enhancing community engagement within the frame of One Health. Though Moringa oleifera seed has shown its benefits in various fields such as pharmacy, environmental science, veterinary, and life sciences, there exist significant gaps in the comprehensive study regarding its applications to the environmental, human, and animal health sectors, specifically within the community-led interventions. From an environmental perspective, seeds aid in carbon sequestration enhance soil health, and water treatment. They also inhibit biofilm formation and microplastic removal from water bodies. Moringa oleifera seed given as defatted seed meal as feed in cattle and poultry improved growth, immune function, and ruminant gut health. From a human health perspective, they act as hepatoprotective, anticancer, antidiabetic, and antihypertensive. Therefore, integrating Moringa oleifera seed into the local community could enhance public health and economic benefits. This review concludes the need for standardization of protocols for Moringa oleifera seed-based interventions and the necessity for greater involvement of the community in encouraging initiatives like using seed-based formulations for water treatment. Further research concerning its multifaceted role, investment in scalable methods of cultivation, and developing a partnership among researchers, policymakers, and local communities to enable the benefit of Moringa oleifera seed to reach One Health harmony at the community level are recommended.",environmental science
"Anthropogenic ammonia emissions primarily originate from agriculture, especially field fertilization. These emissions represent nitrogen loss for farmers and contribute to air pollution, posing risks to human health and the environment. Estimating ammonia emissions is crucial for national inventories and policy-making. Various models exist for predicting emissions, including mechanistic, empirical, and semi-empirical approaches. While machine learning (ML) is widely used in environmental science, its application to ammonia emissions remains limited. In this study, we used 5939 ammonia emission data from 538 trials, extracted from the ALFAM2 database, to train three machine learning methods - random forest, gradient boosting, and lasso - for predicting cumulative ammonia emissions 72 h after manure application. These methods were compared to the semi-empirical ALFAM2 model using an independent test dataset. Random forest (RMSE = 4.51, r = 0.94, MAE = 3.28, Bias = 0.92) and gradient boosting (RMSE = 6.19, r = 0.89, MAE = 4.10, Bias = 0.51) showed the best performance, while the lasso log-linear model (RMSE = 7.30, r = 0.84, MAE = 5.57, Bias = -1.38) performed worst. Both random forest and gradient boosting outperformed the semi-empirical ALFAM2 model, which showed performance comparable to the lasso model. We then used these models and the ALFAM2 model to compare five slurry management techniques, varying in application method (trailing hoses, trailing shoes, and open slot) and post-application incorporation, across 128 scenarios with different manure types and weather conditions. Compared to broadcast application, alternative techniques reduced emissions by a median of -13.6 % to -61.7 %. This study highlights the promise of ML models in assessing ammonia emission reduction methods, while emphasizing the importance of evaluating model sensitivity to algorithm choice.",environmental science
"Ion-selective electrodes (ISEs) are pivotal tools for real-time, non-destructive monitoring of ionic dynamics in living plants, addressing key challenges in agriculture, plant physiology, and environmental science. This review presents recent advancements in ISE-based in vivo detection technologies, with an emphasis on sensor architectures tailored for plant tissues, including screen-printed planar electrodes, flexible electrodes, microneedle electrodes, and microfluidic devices. These systems enable precise in situ quantification of essential ions and trace elements, providing valuable insights into fundamental physiological processes such as nutrient uptake, stress responses, and signal transduction. Building on current ISE fabrication techniques, the review is aimed at developing a more cohesive theoretical framework for their application in plant systems. Future directions focus on synergistic integration of wearable plant sensors to build comprehensive real-time monitoring systems, which could advance understanding of plant-environment interactions and help address global food security challenges.",environmental science
"Ungrading is a pedagogical approach that, in some iterations, emphasizes formative feedback and student self-assessment over traditional point-based grading. While increasingly popular in the humanities and social sciences, ungrading remains uncommon in STEM courses, particularly those that are content-intensive. This article presents a structured example of ungrading implemented in an upper-division ecosystem ecology course through a 7-week independent research project. Students used public or previously collected ecological data to investigate a scientific question, culminating in a short-format, manuscript-style research paper and a 10 min oral presentation. The project was scaffolded with multiple checkpoints, including structured reflections, peer review, and instructor feedback. Students were invited to define personal growth goals, determine how they wished to be evaluated, and reflect on their progress throughout the project. While the rest of the course retained traditionally graded assessments, this ungraded project accounted for 40% of the final grade. Students reported high levels of engagement and ownership, with ~86% of students opting to receive both an instructor grade and self-grade, and a further ~9% of students opting to entirely self-grade, with only ~5% of students preferring a traditional grading schema. The model was particularly effective in a small, seminar-style course with students specializing in environmental science and may require adaptation for larger courses, lower-division settings, or to accommodate generative artificial intelligence usage guidelines. This case study offers a replicable framework for integrating ungrading into STEM curricula and highlights the importance of in-class support and iterative feedback when using an ungrading approach. By emphasizing student agency and identity ""as a scientist,"" this approach aligns with the goals of authentic research experiences and provides a flexible alternative to traditional grading in content-heavy STEM courses that could include independent projects.",environmental science
"Wood use is crucial for climate-change mitigation, but strategies range from increasing harvest to conserving forests. To reconcile contradictions, we conceptualize an option space that considers both social and ecological thresholds. We couple the material flow model RECC and the forest model CRAFT to quantify the option space for wood use in the global building sector and current forest areas from 2020 to 2050. We juxtapose four demand scenarios with four supply scenarios that meet material and ecosystem service thresholds, respectively. In 12 of the 16 resulting scenario combinations, supply exceeds demand. They differ in regional self-sufficiency (6-9 out of ten world regions), average primary wood availability beyond structural timber use (0.2-1.4 GtCyr",environmental science
"Primary liver cancer (PLC) ranks as the third leading cause of cancer-related mortality worldwide, posing a serious global public health burden. Hepatocellular carcinoma (HCC) is the most common subtype, accounting for approximately 75%-85% of all PLC cases. In recent years, environmental pollution has emerged as a potential risk factor for PLC. However, a systematic bibliometric analysis of global research trends in this field remains lacking. This study aims to perform a comprehensive bibliometric analysis to explore global trends in the field of environmental pollution and PLC research from 2000 to 2025. We conducted a bibliometric analysis using the Web of Science Core Collection database, covering studies published from January 2000 to March 2025. CiteSpace was used to analyze publication trends, global collaborations, and key research areas through network visualizations and co-occurrence analyses. A total of 562 publications were included in this study, with China and the United States identified as the leading contributors. Prominent institutions in this field include the National Institutes of Health (USA), National Cancer Institute (USA), and the Chinese Academy of Sciences. Among journals, Environmental Health Perspectives, Hepatology, and Cancer Research were the most frequently cited, indicating a close connection between environmental science and oncology. Keyword analysis revealed that research focuses not only on traditional pollutants such as air pollution and heavy metals, but also on emerging exposures including volatile organic compounds and drinking water contaminants. Mechanistic studies remain at the core of this field, with frequently occurring terms such as ""oxidative stress"", ""gene expression"", and ""inflammation"". Meanwhile, clinical research-related keywords like ""epidemiology"" and ""follow-up"" have become increasingly prominent in recent years, indicating a growing emphasis on population-based risk assessment. This study highlights the growing research interest in the link between environmental pollution and PLC. Cross-disciplinary collaborations between environmental science, medicine, and public health are increasingly influencing the development of this field. Future research should focus on elucidating the carcinogenic mechanisms of pollutants and enhancing translational applications in public health.",environmental science
"Air pollutants pose a growing public health concern in Puerto Rico (PR), particularly from rapid industrialization, military activities, environmental changes and natural disasters. A total of 193 pollutants, comprising the 187 hazardous air pollutants and the 6 criteria air pollutants-including particulate matter (PM), carbon monoxide (CO), volatile organic compounds (VOC), and heavy metals-coincide with rising respiratory disease rates (e.g., lung cancer) documented in national and regional health registries. This study aimed to review major air pollutants in PR, their molecular carcinogenic mechanisms (mostly focused on respiratory-related cancers), and the geographic areas impacted significantly. We conducted an extensive literature search utilizing peer-reviewed scientific articles (PubMed and Web of Science), governmental reports (EPA, WHO, State of Global Air), public health registries, (Puerto Rico Central Cancer Registry and International Agency for Research on Cancer) and local reports. Data on pollutant type, source, molecular pathways, and carcinogenic properties were extracted and synthesized. Our analysis identified ethylene oxide (EtO), polycyclic aromatic hydrocarbons, and PM from industrial sites as key pollutants. The municipalities of Salinas and Vieques, hubs of industrial activity and military exercises, respectively, emerged as critical hotspots where high concentrations of monitored pollutants (e.g., EtO, formaldehyde, 2,3,7,8-tetrachlorodibenzo-p-dioxin (TCDD) and diesel PM) are associated with a significant prevalence of cancer and respiratory diseases. These agents, known to induce genomic instability and chromosomal aberrations, were correlated with elevated local cancer incidence. Our findings underscore the urgent need for targeted public health interventions and support a multi-pronged strategy that includes: (1) enhanced regulatory oversight of EtO and other hazardous air pollutant emissions; (2) community-based biomonitoring of high-risk populations; and (3) investment in public health infrastructure and a transition to cleaner energy sources. Integrating rigorous environmental science with public health advocacy is essential to strengthen PR's cancer-control continuum and foster resilience in its most vulnerable communities.",environmental science
"Machine learning (ML) is reshaping how environmental chemicals are monitored and how their hazards are evaluated for human health. Here, we mapped this landscape by analyzing 3150 peer-reviewed articles (1985-2025) from the Web of Science Core Collection. Co-citation, co-occurrence, and temporal trend analyses in VOSviewer and R reveal an exponential publication surge from 2015, dominated by environmental science journals, with China and the United States leading in output. Eight thematic clusters emerged, centered on ML model development, water quality prediction, quantitative structure-activity applications, and per-/polyfluoroalkyl substances, with XGBoost and random forests as the most cited algorithms. A distinct risk assessment cluster indicates migration of these tools toward dose-response and regulatory applications, yet keyword frequencies show a 4:1 bias toward environmental endpoints over human health endpoints. Emerging topics include climate change, microplastics, and digital soil mapping, while lignin, arsenic, and phthalates appear as fast-growing but understudied chemicals. Our findings expose gaps in chemical coverage and health integration. We recommend expanding the substance portfolio, systematically coupling ML outputs with human health data, adopting explainable artificial intelligence workflows, and fostering international collaboration to translate ML advances into actionable chemical risk assessments.",environmental science
"Public finance alone is insufficient to meet the scale of investment required for nature protection, restoration, and sustainable management. Mobilizing private capital is therefore essential, yet most nature-related projects are perceived as unbankable. They sit at the frontier of bankability: nascent and unproven initiatives that lack historical track records, face high execution risks, and generate uncertain or delayed revenues. This misalignment is compounded by investor behavior, as most financiers demand commercial rates of return, standardized transactions, and short payback periods. Even though investors differ in their appetite for risk, nature projects rarely meet these thresholds. Through a systematic review of literature across five ecosystems and three intervention types, this review identifies persistent barriers: limited financial returns, high risk, high transaction costs, and undervaluation of nature. We note that enabling conditions such as blended finance, risk-sharing instruments, and supportive regulation exist; however, we argue that reframing risk-return dynamics is critical to unlock scalable private finance for nature.",environmental science
"The combination of climate change, growing population, and development of urbanization has exacerbated the existing water resources crisis. There is no natural resource that is more precious than water, and all aspects of human livelihoods have their foundation connected to water resources. However, many regions of the globe are experiencing critical conditions linked to extreme hydrological events, particularly floods and droughts. This study aims at exploring socio environmental benefits of floodwater utilization in a changing climate world. The results indicate that the utilization of floodwater as resources can support different socio-economic activities including agriculture irrigation, hydropower production, industry development, and providing ecological rehabilitation opportunities. Proactive integration of floodwater resources in water resources management strategies is highly encouraged. Studies on the introduction of models that optimize the utilization of floodwater resources are needed to expand existing knowledge, especially in the arid regions, rapid urbanization areas, and developing countries facing climate variability.",environmental science
"The impact of rain-on-snow (ROS) events on snow cover is a key to uncovering disaster mechanisms of ROS events, but related research is currently lacking. Therefore, we conducted a field study to investigate the effects of ROS events on snow cover during snow accumulation period. The results showed that ROS events accelerated the decrease rate of snow albedo and altered the metamorphic processes of snow layer. Additionally, ROS events were more likely to form ice layers on snow surface during snow accumulation period, and once formed, these ice layers did not melt for several days, affecting the survival of foragers and hoofed animals. Changes in snow surface also altered heat transfer processes within snow cover, affecting the energy balance of permafrost. More interestingly, ROS events reduced the decrease rate of snow depth during snow accumulation period. These findings provided scientific basis for further understanding of ROS events and their disaster mechanisms.",environmental science
"The prediction of crystalline matter dissolution kinetics is one of the main focuses in environmental science, civil engineering, chemical kinetics, synthesis, drug delivery, and other scientific and industrial fields. Our ability to predict the temporal dynamics of material fluxes is crucial for designing crystalline materials and controlling the behavior of chemical systems for various applications. The critical question is, do these dynamics have deterministic or stochastic features, or should we expect a constant, oscillatory, or completely random temporal behavior from a predefined crystalline structure? Our study is dedicated to barium sulfate (barite), which is considered one of the primary backfilling materials for nuclear waste repositories. We developed a new parametrized Kinetic Monte Carlo (kMC) model, which allows us to simulate the temporal evolution of the system. We have found that material flux oscillates quasiperiodically over time, indicating the presence of deterministic and stochastic components. This raises the question of whether it can be predicted in principle. Our observations cover the mechanistic and kinetic behavior of the Barite-water system and can be applied to studies of other solid-liquid interfaces.",environmental science
"The lived, everyday dimensions of climate change have generally been ignored in mainstream climate research, despite their ability to reveal new insights on this phenomenon. Capturing everyday lived experiences of climate change requires methodologies that go beyond traditional approaches, combining robust theoretical foundations with innovative technological solutions. This paper addresses this gap by introducing Climate Relief Maps (CRM), an innovative methodology designed to capture, analyze, and visualize everyday climate experiences through an intersectional lens. CRM integrates qualitative and quantitative techniques with digital tools and GIS technology, offering a multi-layered approach that highlights social, emotional, and spatial dimensions of climate change. By centering lived experiences, this methodology enables a deeper understanding of how intersecting social positions shape climate vulnerabilities and adaptation strategies. CRM advances the study of climate change by bridging the gap between environmental science and social inquiry, fostering new insights into the human dimensions of the climate crisis.",environmental science
"Climate change has intensified drought frequency globally, driving the need to assess its impacts on ecosystem services (ESs) for sustainability planning. This study investigated meteorological drought thresholds and ES interactions in China's Yangtze River Economic Belt. Results demonstrated that extreme droughts reduced ES provisioning capacity, with significant trade-offs between water retention and food supply (",environmental science
"Carbon dioxide capture, utilization, and storage (CCUS) is a critical technology for global climate mitigation, supporting low-carbon fossil fuel use and decarbonization in hard-to-abate sectors. However, different CCUS technologies exhibit distinct trade-offs in terms of energy consumption, resource utilization, and environmental impacts. This review systematically evaluates energy consumption patterns, resource utilization implications, and associated environmental risks of CCUS technologies across the full chain. Key findings reveal that while CCUS helps address energy security and enables negative emissions, it imposes substantial additional energy demands. Resource efficiency improvements are possible through reduced water use and enhanced land productivity, contributing to socioeconomic benefits. However, large-scale deployment introduces environmental risks, such as CO",environmental science
"Hydrogen trucks are an alternative for decarbonizing the long-haul segment. However, the environmental footprint benefits depend on how hydrogen is produced, transported, and used but also in truck characteristics. We conduct life cycle assessment to quantify the impacts per ton-km. For centralized production, we included electrolysis and steam reforming cases, with dedicated transportation pathways but also included production onsite. We evaluated fuel cells and combustion engines and included supply chain hydrogen leakages. We found that global warming potential (GWP) of different truck versions varies up to 50tCO",environmental science
"The spatiotemporal changes and environmental driving factors governing the distribution of perfluorinated and polyfluoroalkyl substances (PFAS) in the sediment cores of shallow lakes remain inadequately understood. This study investigated the occurrence and predicted future trends of PFAS in sediment cores from a shallow lake in China, and revealed the key influencing factors using time-series prediction and interpretable machine learning (IML) models. A decreasing trend of PFAS with depth in the three representative areas was found, with long-chain PFAS, such as perfluorooctanoic acid (PFOA) and perfluorooctane sulfonate (PFOS), predominating. The RQ of the top (0-4 cm) sediment cores indicated that they were in at a moderate ecological risk. Time-series forecasts using the Attention-CL model predicted increasing PFOA and PFOS concentrations from 2023 to 2034, suggesting potential consequences of delays in effective policy implementation. Feature importance and Shapley analyses revealed the importance of pH, total organic carbon (TOC), and oxidation-reduction potential (ORP) for PFAS. Partial dependence plots and individual conditional expectation showed the threshold effect of pH on PFOA and perfluoroundecanoic acid (PFUdA) to be 6.5, the threshold effect of ORP to be 200 mV, and the threshold effect of electrical conductivity to be 300 μS/cm. The threshold effect of TOC on PFOA was 3.0 mg/g, whereas that on PFUdA was 3.5 mg/g. In general, the IML model highlights the importance of environmental parameters, such as pH, ORP, and TOC, in shaping PFAS distribution. These findings elucidate the complex interactions between sediment characteristics and PFAS distribution, informing targeted monitoring and remediation efforts in a broader environmental science field.",environmental science
"While there is evidence of humans' harmful impact on the environment, translating such evidence into changes is challenging. Implementation science can facilitate a shift from a reactive to proactive approach in tackling environmental sustainability. This article aims to spur further discussion among implementation scientists to incorporate environmental sustainability within their research, while also offering concepts relevant to environmental science researchers seeking to apply implementation science principles.",environmental science
"Zebrafish is one of the most important model organisms across diverse disciplines from developmental biology to environmental science and engineering, and toxicology, substantially contributing to reductions in the use of mammals in disciplines that have previously relied on rodent models. The use of immature zebrafish in particular have arguably contributed to the largest reduction in animal usage, at least during toxicology experimentation, since these ages are not counted as laboratory animals unless they have reached the free-feeding stage (> 5 dpf for zebrafish reared at 28 °C). Despite its use as a developmental and animal alternative model, baseline biomolecule expression dynamics are poorly understood throughout the zebrafish lifecycle. While the adult (> 3 months) and embryonic proteome (2-120 hpf) of this species have been previously characterized, variations in proteome expression across early life stages is limited. Here, we examined proteome expression patterns in larval zebrafish at 4-, 7- and 10 dpf. We specifically identified 11,344 proteins (5 % false discovery rate) using bottom-up shotgun proteomics, with many proteins unique to experimental time points and minimal overlap among age groups (∼ 5-12 %). Longitudinal examination of differentially expressed proteins indicates coordinated expression of the muscular system and contractile proteins with extracellular matrix structure aligning with growth, muscle development, and movement observations in larval fish. Considering the use of early life stage zebrafish as a model organism and an animal alternative vertebrate method, differential expression and enrichment of evolutionarily conserved processes, especially associated with developmental periods of metabolic stress, highlight potential experimental confounders requiring further investigation.",environmental science
"Under the impetus of dual-carbon goals, it is of great significance to achieve sustainable utilization of SF",environmental science
"The potential of fractional-order models to faithfully capture memory effects, anomalous diffusion and long-term persistence in the dynamics of water pollution has attracted a lot of interest in environmental science. A fractional-order water pollution model is presented in this work, along with an efficient numerical method known as the predictor-corrector method for the accurate and computational analysis of the differential equations. The approach ensures excellent accuracy while taking into account the complex and nonlinear systems relationship between environmental conditions, microbial degradation, and contaminants in aquatic environments. The asymptotic behavior of the solution is shown by a thorough stability study, which offers information on the long-term dispersion of pollutants. The existence and uniqueness of the solution are systematically verified using fixed-point theorems, which ensure the mathematical operators of the model. Numerical simulations demonstrate the accuracy of the suggested approach's emissions and degradation predictions under realistic environmental conditions and further confirm its reliability. The results of this study provide a strong computational framework for investigating complex dynamics of water pollution and emphasize the importance of fractional-order models in environmental studies. In addressing fundamental environmental issues and promoting sustainable aquatic ecosystem management, this work highlights the transformative potential of fractional-order modeling by fusing theoretical advancements with practical applications.",environmental science
"Some mycotoxins and herbicide residues pose threats to animal health. These toxins might affect the gut microbiome of fallow deer. The analyzation of the intestinal content samples of this valuable game species exposed to varying levels of zearalenone (ZEA) and other toxic compounds such as aflatoxin B1, deoxynivalenol, fumonisin B1, and glyphosate residues was performed. Metagenomic analysis revealed significant alterations in the bacterial community composition. Higher ZEA levels were associated with decreased alpha diversity, whereas higher aflatoxin levels had the opposite effect. Changes in the abundance of antibiotic resistance genes (ARGs) were also observed, suggesting a potential link between mycotoxin exposure and antimicrobial resistance. Furthermore, five complete bacterial genomes were assembled from the metagenomic data. These findings highlight the complex interplay between environmental toxins, gut microbiota, and animal health. Understanding these interactions is crucial for developing strategies to mitigate the negative effects of toxin exposure on wildlife populations.",environmental science
"Mid-latitude westerlies critically regulate glacier mass balance on the Tibetan Plateau. Here, we analyze the meteorological variables, surface energy balance (SEB), and surface sublimation of the August-one glacier (located in the northern edge of the Tibetan Plateau (TP), with a high altitude and relatively flat top) under different wind directions to better understand the effects of westerly winds on this glacier. Results show that westerly winds (60% frequency) drive 67% of total sublimation loss. Elevated sublimation under westerly winds is primarily controlled by wind speed, counteracting unfavorable humidity/temperature gradients. Simultaneously, westerly winds shift energy flux dominance from net radiation (",environmental science
"As climate awareness grows, investors are integrating climate performance into their investment decision-making processes to mitigate potential risks. This paper examines the societal costs associated with the carbon footprints of publicly listed companies in China and explores whether investors demand compensation for their exposure to risks associated with investments in assets with greater carbon damages. We find a continuous rise in the carbon footprints of Chinese listed companies, with a particularly noticeable increase following the COVID-19 pandemic. The carbon damages of Chinese listed companies are sourced mainly from their value chain emissions, with significant sectoral and regional heterogeneity. Finally, we observe a carbon damage risk premium throughout entire value chain when viewed from an absolute risk perspective. Even for less perceptible relative risks, we find that listed companies with greater scaled carbon damages originating from direct and upstream value chain carbon footprints are associated with higher expected returns.",environmental science
"Getah virus (GETV), a mosquito-borne alphavirus classified as a zoonotic disease, primarily infects livestock, particularly pigs and horses. In recent years, it has re-emerged in multiple Asian countries, posing a potential threat to animal husbandry and public health. In this study, we developed a rapid and sensitive GETV detection method based on reverse transcription-recombinase polymerase amplification (RT-RPA) and the clustered regularly interspaced short palindromic repeats (CRISPR)/Cas12a system combined with a lateral flow dipstick (LFD) for visual readout. By leveraging sequence conservation in the GETV E2 envelope protein-coding regions, we engineered matched crRNA guides and amplification primers to develop a rapid CRISPR-Cas12a diagnostic workflow. The optimized platform combines RT-RPA (42 °C/20 min) with Cas12a's trans-nuclease activity, permitting multiplex detection via real-time fluorescence quantification or immunochromatographic strip visualization. Analytical evaluation demonstrated a detection capability of 10 copies/µL and exclusive specificity against four pathogen controls, including Japanese encephalitis virus and pseudorabies virus. Validation performed using simulated clinical samples revealed 100% concordance between the results of RT-RPA-CRISPR/Cas12a-LFD and quantitative polymerase chain reaction (PCR), while reducing the total detection time to 50 minutes. This approach eliminated the need for advanced instrumentation owing to its simplified operational design, enabling field-deployable rapid detection capabilities that establish essential technical infrastructure for initiating timely GETV containment measures. This approach has broad application potential in the fields of food safety, clinical diagnostics, and environmental science.",environmental science
"Rewilding is increasingly recognized in Europe as a strategy for ecological restoration. However, there has been limited study of the socio-political dimensions of rewilding projects, particularly how political affiliation may influence preferences for rewilding. Given the turbulent European political landscape and significant new environmental legislation, such as the European Green Deal and Nature Restoration Regulation, understanding the interaction between politics and rewilding preferences is critical. We employed a discrete choice experiment approach to assess the impact of political ideology on respondents' willingness to pay for rewilding interventions in the Oder Delta, which spans evenly across Germany and Poland. Our findings indicate that politics is a major driver of rewilding preferences in both countries, and while rewilding is favored across party lines, the extent of preference is often aligned with the left-right political spectrum.",environmental science
"The aviation industry plays an increasing role in climate change due to emissions at cruise altitudes. This study combines projections from the Aviation Integrated Model (AIM) and simulations from the Aviation-FAIR model to assess greenhouse gas concentrations, radiative forcing, and temperature effects across emission altitudes from 500 to 40,500 ft during 2025-2050. The results reveal that climate impact intensifies with altitude and peaks at 34,500 ft. In addition, a cost-benefit analysis evaluates the use of sustainable aviation fuel (SAF) and hydrogen energy in civil aviation. By 2050, offsetting the costs of these fuels will require $354.44 billion for SAF and $1,888.44 billion for hydrogen. This study assesses the altitude-dependent climate effects of aircraft emissions and the economic feasibility of alternative aviation energy technologies, highlighting both their mitigation potential and cost-related limitations.",environmental science
"Carbon capture and storage (CCS) plays a pivotal role in China's low-carbon power transition but faces high costs and multiple uncertainties related to technology, policy, and economics. CCS clusters, along with the associated hubs, offer an opportunity to tackle this issue. Therefore, a CCS cluster source-sink matching model was developed based on fuzzy possibility programming and interval linear programming methods under multiple uncertainties. The cluster layout, shared pipeline network, and cost reduction potential were explored. Results show that the North China, Northwest China, East China, and South China regions will be prioritized for the development of CCS cluster projects. Compared to ""point-to-point"" projects, CCS clusters have great potential to reduce pipeline lengths by [81.5%, 81.8%], and lower the plant-level levelized cost of CCS by [35.7%, 86.9%]. This study provides a system-wide insight for CCS cluster development and cost reduction assessment under multiple uncertainties.",environmental science
"The identification of gas mixtures is critical in chemical engineering, food safety, environmental science, and medical applications. This study employs a four-sensor array to classify ethylene-methane and ethylene-carbon monoxide (CO) mixtures, with concentrations ranging from 0 to 20 ppm for ethylene, 0-600 ppm for CO, and 0-300 ppm for methane. To enhance robustness, mean sensor response over time is used to mitigate noise, ensuring high classification accuracy. Each sample is evaluated using sixteen features, including temporal dynamics (e.g., rise time) and statistical metrics (e.g., baseline variance). Tree-based machine learning models-Decision Tree (DT), Random Forest (RF), and Extra Trees (ET)-are developed for gas classification, significantly reducing training set size (to 60%) and prediction time. The proposed ET model achieves superior classification accuracy (99.15%) compared to RF (95.86%) and DT (93.89%) on the UCI dataset, offering an efficient and accurate method for experimental gas identification.",environmental science
"Glomalin-related soil protein (GRSP), a widely distributed glycoprotein complex in soil, has a high potential for heavy metal pollution remediation due to its unique physicochemical properties and synergistic effects with plant roots. However, lack of comprehensive studies on regulatory mechanisms of GRSP in heavy metal pollution restricts its application in soil pollution risk management. This review synthesizes current knowledge on GRSP biosynthetic pathways, structural characteristics, and of heavy metal transport regulation in the soil-plant system using a multidisciplinary analysis of molecular biology, ecology, and environmental science. As a key biogeochemical regulator at the soil-plant interface, GRSP influences heavy metal speciation through various mechanisms. Its surface functional groups (e.g., carboxyl and hydroxyl) form stable coordination complexes with heavy metal ions, enhance soil particle aggregation, and restrain heavy metal bioavailability by modifying the physicochemical and biochemical properties of the rhizosphere soil. Collectively, these functions mitigate heavy metal phytotoxicity and enhance plant metabolic resilience. This review establishes a theoretical framework for sustainable environmental pollution management and ecological restoration by systematically elucidating GRSP sequestration capacity, bioavailability control, and environmental responsiveness, providing new insights and theoretical support for the development and application of green and efficient heavy metal-contaminated soil remediation technologies.",environmental science
"Cost and benefit information is essential for Taiwan to determine economically feasible manure applications. This study adopts techno-economic analysis and life cycle assessment to evaluate manure's energy potential under six composting, pyrolysis, and anaerobic digestion possibilities. Biogas fertilizer and biochar use in agriculture is also examined. The results show that the cost-effective manure applications depend on the recycling method, input of raw materials, and economic scale. Pyrolysis yields up to $175.74 per ton of feedstock, but composting is subject to a loss when emission prices skyrocket. Hog and cattle manure applications may break even in costs, but chicken manure could incur a loss of $25.28 under mesophilic and $19.16 under thermophilic fermentation. Manure distribution would also substantially affect large-scale biopower development due to high transportation and operation costs, and the development cost could dramatically vary by region. The 2023 US dollar is used as the basis.",environmental science
"The escalating global temperature, with 2024 as the hottest year, emphasizes the critical link between climate change and kidney health. Extreme heat, a consequence of global warming, causes multifaceted effects on human physiology, including renal function alterations. This review investigates physiological and molecular mechanisms of heat stress-induced kidney injury, including acute kidney injury, chronic kidney disease (CKD), and urinary stone formation. It highlights how heat stress contributes to renal dysfunction",environmental science
"Probability distributions are widely utilized throughout several domains of life, particularly for studying data sets from environmental science, biology, medicine, economics, insurance, and many more. Standard probability distributions have been utilized in practice for an extended period. In this work, we proposed a continuous probability distribution based on the Ramos Louzada logic called the Ramos Louzada Exponential model with two parameters. The significance of the proposed model lies in its ability to effectively analyze the phenomena observed in nature. Its utility spans multiple disciplines. In particular, these distributions have demonstrated considerable efficacy in data modeling. The study presents some statistical and mathematical characteristics of the new distribution, such as the ordinary moment, the quantile function, the mean, the variance, and the moment generating function. To ensure precise parameter estimation, two estimation methods are evaluated, including maximum likelihood and Bayesian procedures under three suggested loss functions, accompanied by a simulation study that confirmed the reliability and consistency of the two proposed estimators. The performance of the estimators is evaluated through average estimate and mean square error. The utility of the model was demonstrated using three real-life data sets taken from the lifetime and environmental fields. Employing a meticulous comparative evaluation through an array of goodness-of-fit metrics, including Akaike Information Criterion, Correction Akaike Information Criterion ([Formula: see text]), Hannan-Quin Information Criterion, Bayesian Information Criterion, Kolmogorov-Smirnov ([Formula: see text]) statistics with its associated P-values, the proposed model consistently surpassed traditional competing models such as the generalized Rayleigh, truncated Poisson exponential, alpha power transformed exponential, extended exponential, gamma, Weibull, and two parameters Mira distributions. Based on (([Formula: see text]), p-values) [(0.1206,0.5640), (0.1002, 0.62), and (0.1121, 0.2414)] for the three proposed datasets, we observe that the proposed distribution offers optimal fitting compared to other rival distributions.",environmental science
"Caring for older and for adults with disabilities is nowadays a social challenge for Western societies. However, little research has focused on the role of women as carers of that social group and their personal and professional consequences, particularly in academia. We explore the impact of caring for the older and adults with disabilities on Spanish scholar from a gender perspective. We conducted 36 semi-structured open-ended interviews (24 women, 12 men). Our research finds that, caring for the older and adults with disabilities has costs and implications for scholar on a personal and professional levels, but significantly more for women compared to men. Women often reported more physical and mental health problems than men. In addition, women, reported that their profession was affected by caring for the older people and that they compromised their quality of life mainly in terms of loss of leisure time. Strategies for coping during difficult periods of caregiving differed between genders, whereby women reported reaching out to support networks. At the institutional level, older care is an 'invisible' problem, for which interviewees reported not getting any support from their institutions. The study reveals how caring for older people and adults with disabilities adds yet another role and responsibility to women's dual role as mothers and scholars, leading to ""invisible"", often unnamed, impacts on their personal and professional lives: the ""triple presence"". Given that the study was conducted in a specific context (Spanish scientists in the fields of environmental science and sustainability), future studies in other geographical areas will be needed to corroborate current findins.",environmental science
"This systematic bibliometric review, conducted in accordance with the PRISMA methodology, examines the literature on waste rubber tyres (WRTs) and their applications, measuring correlations between several standard metrics and identifying gaps that may stimulate new research. Using a thirty-year database from Scopus, both numerical and graphical results highlight key aspects, including geographic distribution, journal analysis, keywords, and three main research categories: environment, application, and property. Publications have grown exponentially at a rate of 17% per year. Research is concentrated in India and China, with Africa and Central America lagging behind. The United States leads in impact, while publication volume correlates moderately with gross domestic product (GDP), but negatively with international collaboration. Notably, several leading countries in automobile and tyre production have a limited academic presence in WRT research. The most prominent studies focus on material development; however, there remains a lack of practical applications for these materials. Recent trends show growing interest in WRTs within engineering, materials science, and environmental science, with multidisciplinary approaches emerging. A keyword analysis indicates a steady evolution in end-of-life tyres (ELT) research over recent years. In environmental studies, interest in ELT recycling methods has grown, though aspects such as toxicity, life cycle analysis, and leaching remain relatively unexplored. In terms of applications, research is primarily focused on pavements, while areas such as facades, blocks, and roofs remain under-studied. Finally, in material property studies, most research addresses compressive strength, while critical areas such as fire resistance, impact resistance, and thermal testing offer promising avenues for future research.",environmental science
"Hydrogen-bonded organic frameworks (HOFs), characterized by precisely engineered long-range ordered structures and tunable hydrogen-bonding networks, have emerged as a promising novel class of porous crystalline materials, particularly for catalytic applications. The integration of HOFs with bioactive components enables the rational construction of HOFs-based biocatalytic composites, yielding hybrid systems with exceptional structural stability, enhanced catalytic efficiency, and synergistic functionalities, positioning them as promising next-generation materials for diverse biomedical applications. Nevertheless, research on HOFs-based biocatalytic systems remains nascent, lacking comprehensive systematic analysis. To address this gap, this review systematically summarizes recent advances in HOFs-based biocatalysts. It details modular assembly strategies, discusses catalytic mechanisms and catalytic enhancement strategy, and highlights their emerging applications in biologically relevant domains, including biomedical engineering, enzymatic catalysis, and environmental science. Furthermore, the review analyzes the dilemmas and challenges facing the future development of HOFs-based biocatalysts, and proposes potential solution strategies, such as the trade-off between stability and activity, multifunctional integration, and addressing long-term biosafety concerns. Finally, it outlines strategic research directions to advance this rapidly evolving field and envisions future prospects for these emerging materials, providing a roadmap for their translational development.",environmental science
"The rapid evolution of CRISPR technology has revolutionized molecular biology, and among the various systems, CRISPR/Cas12a stands out for its high specificity and efficient collateral cleavage activity. This review article focuses on the recent advancements and applications of split technology within the CRISPR/Cas12a framework, highlighting its transformative role in molecular diagnostics and biosensing. Split technology innovatively divides functional nucleic acid components into modular segments that are activated by specific targets, significantly enhancing the specificity and sensitivity of biosensors. This design addresses the inherent limitations of traditional sensor systems, enabling the direct detection of ultrashort nucleic acids and improved discrimination of single-nucleotide variants, thereby facilitating the simultaneous detection of multiple biomolecules. The versatility of split-enabled biosensors extends beyond genetic testing, making them valuable tools in diagnostics, therapeutics, and environmental science. Despite challenges such as crRNA degradation and reassembly kinetics, ongoing research and engineering solutions continue to enhance the stability and performance of these systems. This review synthesizes the foundational principles, recent advancements, and potential applications of split technology while also identifying challenges and opportunities for future exploration. Ultimately, our insights provide a comprehensive resource to leverage the full potential of CRISPR/Cas12a-based split technology in advancing biosensing methodologies and clinical applications.",environmental science
"The review examines the evolution of chemical ionization mass spectrometry (CI-MS), a technique developed in 1966 by Field and Munson. CI is a soft-ionization method that produces more intense molecular ions with less fragmentation than electron ionization (EI). CI-MS is widely utilized across various fields, including atmospheric chemistry, environmental science, and biomedical research. The article highlights different CI-MS types, such as proton transfer reaction mass spectrometry (PTR-MS), which is renowned for its ability to analyze volatile organic compounds in real-time; negative ion CI-MS, which provides insights into anions; selected ion flow tube mass spectrometry (SIFT-MS), and ion-drift chemical ionization mass spectrometry (ID-CIMS), techniques that allow for the direct analysis of trace gases with high sensitivity and specificity. The article discusses advancements in chromatography with CI-MS, particularly atmospheric pressure chemical ionization (APCI) and liquid electron ionization (LEI) interface. The ongoing exchange of data between fundamental ion/molecule studies and specific applications has significantly boosted the growth of CI-MS in recent decades. In recent years, no extensive review has been published on CI-MS. This article provides an overview of CI-MS technique, its applications, and its evolution over the years, highlighting its importance in advancing scientific research and understanding the chemistry of various environments.",environmental science
"Free energies of solvation in water and liquid cyclohexane have been computed for 20 arenes ranging in size from cyclobutadiene to coronene. Monte Carlo statistical mechanics (MC) was used with free-energy perturbation theory (FEP) and the OPLS-AA force field. The computed results for free energies of hydration are in close agreement with experimental data giving an average error of 0.4 kcal/mol. Some discrepancies are found for larger arenes for which the experimental data have greater uncertainties owing to low solubility. The free energies of solvation and free energy of transfer from cyclohexane to water all display strong correlations with the solvent-accessible surface area (SASA) or volume of the arene. In contrast to the hydration of alkanes, the free energies of hydration of arenes become much more favorable with increasing size covering an 11 kcal/mol range. The free energies of solvation in cyclohexane are still more favorable, resulting in a 5 kcal/mol range for the resistance to transfer of arenes from cyclohexane to aqueous solution. Strong correlations are also found between the aqueous solubility of arenes and the free energies of solvation in cyclohexane and water. The reported results provide fundamental thermodynamic data for solution-phase properties of arenes, with relevance to materials and environmental science.",environmental science
"This study elucidates the pathogenic mechanisms of perfluorooctane sulfonate (PFOS) in chronic obstructive pulmonary disease (COPD) through network toxicology and molecular docking. By integrating multiple databases, we identified 158 PFOS-related targets in COPD, with five key proteins (epidermal growth factor receptor [EGFR], ESR1, GRB2, HSP90AA1, and SRC) showing central roles in protein interaction networks. Functional enrichment analysis revealed their involvement in key pathophysiological processes, including airway inflammatory responses, oxidative stress, and immune regulation, primarily through modulation of cell survival and proliferation pathways and immune and hormonal regulation pathways. Gene set enrichment analysis (GSEA) further validated these findings by confirming the significant enrichment of five key KEGG pathways identified in our analysis. Molecular docking studies confirmed high-affinity binding between PFOS and these core targets, indicating PFOS may dysregulate inflammatory responses, oxidative balance, and cellular proliferation in COPD pathogenesis. These findings provide critical molecular insights into environmental pollutant-aggravated respiratory disorders and highlight potential intervention targets for COPD management.",environmental science
A research-project-based open instrumental-analysis experiment was designed for undergraduate teaching led by the attributes of an environmental science major. In this experiment， porous monolithic fibers are 从环境科学专业特点出发，结合科研课题，设计了一项可用于本科教学的仪器分析开放型实验。该实验根据多环芳烃（PAHs）分子结构特点，以9-乙烯基蒽和苯乙烯为混合功能单体，利用“原位”聚合技术合成基于整体材料的固相微萃取（SPME）纤维束，并将其作为萃取介质，在优化条件下，结合高效液相色谱法（HPLC）检测环境水样中的PAHs。本实验设计并构建了一个完整的仪器分析实验流程，具体主要包括SPME纤维束的制备和表征、萃取实验条件优化、实际水样前处理和HPLC分析检测等。在教师引导下，学生开展实验前期相关知识学习、实验中期提升实验操作技能、实验后期分析数据并撰写研究报告。通过该课程全流程学习，不仅激发了学生的学习兴趣，还可培养其科学思维，提高分析和解决问题的能力，为培养新时代环境科学专业高素质人才奠定基础。,environmental science
"Achieving carbon neutrality requires defossilizing both the energy system and industry, which are closely linked through shared resources and energy carrier exchange. However, many studies treat them separately, overlooking important feedbacks. This study uses a techno-economic model for German industry to compare coupled and sequential (soft-linked) optimization with the energy system model PyPSA-Eur. Coupled optimization yields similar overall costs (0.3% lower) but different resource use: industry relies more on direct electrification, uses less biomass and hydrogen, and achieves negative emissions (",environmental science
"Environmental sciences, including environmental chemistry and toxicology, are highly interdisciplinary fields that integrate researchers with various backgrounds and expertise. This interdisciplinary aspect is critical to addressing issues of chemical pollution, environmental sustainability, and health. However, a standardized method for reporting chemical data is needed to address these issues effectively. This becomes increasingly important as both the number of chemical structures and our reliance on and use of computational analysis and cheminformatics tools grow. This paper provides background, examples, and recommendations on how to report chemical data in a findable, accessible, interoperable, and reproducible (FAIR) manner within environmental science disciplines. Ultimately, the goal is to broaden the scope and applicability of environmental research to help the entire community tackle the issues of chemical pollution and sustainability in a comprehensive manner.",environmental science
"Montmorillonite is widely utilized in catalysis, environmental science, and civil engineering. Previous studies have demonstrated that Na",environmental science
"The growing use of biopesticides as eco-friendly alternatives to chemical pesticides is reshaping pest control in agriculture and aquaculture. However, their potential effects on non-target aquatic species, particularly freshwater fish, remain underexplored. This review investigates how different biopesticides, such as microbial agents, biochemical compounds, and plant-incorporated protectants, affect the gut microbiota and intestinal health of freshwater fish. The gut microbiome plays a vital role in digestion, nutrient absorption, immunity, and overall fish health. Biopesticide exposure may disrupt microbial balance, leading to reduced diversity, changes in community composition, inflammation, and dysbiosis. These alterations can impair digestive efficiency, immune function, growth, and reproduction. Promising mitigation strategies include the use of probiotics, prebiotics, symbiotics, insect-based feeds and other non-bacterial dietary interventions to restore gut homeostasis and improve fish resilience. In addition, advanced techniques like metagenomics and metabolomics are enhancing our understanding of host-microbiome interactions under biopesticide exposure. This review emphasizes the importance of including gut microbiota health in environmental risk assessments for biopesticide use in aquaculture. Future studies should adopt a multidisciplinary approach combining toxicology, microbiology, nutrition, and environmental science to develop species-specific, long-term strategies that safeguard fish health in increasingly pesticide-influenced aquatic environments.",environmental science
"Eutectogels have garnered attractive interest for applications in electrochemistry, environmental science, energy storage, and flexible sensing. Emerging flexible temperature sensors demand materials with high environmental stability, robust adhesion, superior mechanical properties, certain self-healing capacities, and good transparency. Herein, deep eutectic solvent (DES), composed of acrylic acid and guanidine hydrochloride, is combined with catechol and mesoporous molecular sieves to construct a dynamic network of multiple hydrogen bonds, resulting in multifunctional gels. The eutectogel demonstrated exceptional stretchability (1680.4%, 178.12 kPa), compressive strength (70%, 760.9 kPa), fatigue resistance (no significant deviation for 10 cycles), adhesion strength (35.8 kPa), transparency (92.41%), and UV-blocking capabilities. The non-volatile nature of the DES and the formation of hydrogen bonds during crosslinking preserved the DES within the gel, enhancing its moisture retention (weight change ratio of ≈2% after 6 days). Additionally, the freezing point of gel is effectively lowered, improving its environmental stability (-70-50 °C). Based on the aforementioned characteristics, the eutectogel is applied in the field of electrocardiogram detection. This bioelectrode is capable of monitoring changes in human heart rate under extreme conditions and can be assembled with wearable devices to provide a promising solution for the diagnosis and prediction of cardiovascular disease.",environmental science
"This study aims to assess the scientific knowledge regarding the impact of pesticides and non-essential metals on freshwater aquatic organisms within the Amazon basin. The investigation encompasses a comprehensive analysis, including: i) temporal patterns; ii) methodological approaches; iii) keywords; iv) geographical distribution; v) academic institutions; vi) studied groups of aquatic organisms; and vii) specific environmental contexts investigated. It was used 203 publications in Web of Science and Scopus databases. A discernible ascending trajectory in publication frequency was observed over time, exhibiting a robust and statistically significant correlation with citation counts. The predominant disciplinary focus was discerned to be Environmental Science. Prevalent keywords encapsulated ""Mercury,"" ""Fish,"" ""Amazon"", ""methylmercury"" and ""bioaccumulation"". Noteworthy scholarly contributions emanated primarily from Brazil, with substantive collaboration of the United States, France, Canada and Bolivia. Among the foremost research entities were Brazilian institutions. Bioindicator selection exhibited a distinct predilection for fishes. The diverse spectrum of aquatic environments scrutinized included rivers, lakes, laboratory settings, and reservoirs. This scientometric analysis not only furnishes insights into the global trajectory of research on pesticides and non-essential metals within Amazonian aquatic ecosystems but also identifies prevailing methodologies, research lacunae, and prospects for future investigations within the Amazon basin.",environmental science
"Understanding the interactions between biomolecules and anions is crucial in biochemistry and environmental science. Depsipeptide, a peptide analogue in which one or more amide bonds are replaced with ester linkages, provides greater flexibility and altered binding properties compared to regular peptides. In this study, we explored a glycine-based tetradepsipeptide as a receptor for dihydrogen phosphate (H",environmental science
"The increasing prevalence of environmental pollutants including both organic and inorganic contaminants in ecosystems is largely due to inappropriate waste disposal. Persistent pollutants, such as heavy metals, plactic debris and industrial chemicals are frequently found in effluents, present a significant concern for Living organisms. Among various waste removal practices, bioremediation is one of the economical and environmentally friendly approaches. The bioremediation process biologically mediates Changes in these pollutants, with microbial communities and microalgae playing a key role in eliminating various types of pollutants in wastewater. Due to its non-degradable nature, plastic contributes to the greenhouse gas emission and significantly impacts climate Change. However, the natural formation of biofilms can degrade the structure of plastic sheets and aid in decomposing bits of plastic in aquatic environments. Furthermore, forming reactive oxygen species in response to antioxidants plays a crucial role in providing tolerance against heavy metal stress in eukaryotic algae. This study investigates the bioremediation potential of microalgae with a focus on its effectiveness in addressing heavy metal pollution, contributing valuable insights to our understanding of the environmental repercussions of these pollutants. The synthesis of algal nanoparticles presents a green and sustainable approach with high adsorptive efficiency. Some microalgae have unique capabilities to consume inorganic nitrogen and phosphorus, which enables them to degrade the pollutants effectively. Algae are responsible for 50% of carbon dioxide fixation through photosynthesis, producing oxygen in the process. This review highlights the cost-effective potential of algae and algal nanoparticles in the bioremediation of soil, water, and air.",environmental science
"The remarkable longevity of Roman concrete has long fascinated researchers and hinted at its potential as a sustainable alternative to modern concrete formulations. However, rigorous assessment of its environmental impact-particularly in the context of modern production technologies-has been lacking. Here, we follow the life cycle assessment methodology to systematically quantify the impacts of various Roman concrete formulations relative to modern technologies. Our findings reveal nuanced insights into the sustainability prospects of Roman concrete, shedding light on its greenhouse gas emissions, energy demand, particulate matter emissions, and water utilization. Contrary to initial expectations, adopting Roman formulations with current technology may not yield substantial reductions in emissions or energy demand unless used in conjunction with other decarbonization advancements. Nonetheless, our findings underscore the importance of Roman practices, particularly the reliance on biomass as a fuel source, which presents opportunities for decarbonizing modern cement production.",environmental science
"A critical investigation in environmental science, examining the fluoride geochemistry of sediments from uniquely characterized fluoride-rich location. The investigation of sediment samples collected from Yuncheng Basin. This purposeful decision is based on the notion that the existence of water flow influences fluoride distribution and geochemical behavior in sediments. We want to understand fundamental patterns and processes that drive fluoride dynamics in these ecosystems by focusing our research on sediments. Our findings reveal that the total fluoride content in sediments ranges from 624.6 to 1072.0 mg/kg, with higher concentrations observed in the middle sediment layers. The particle size analysis indicates a negative correlation between fluoride content and median particle size (d50), with finer particles showing higher fluoride adsorption. Sequential extraction procedures identified the dominant forms of fluoride in sediments, including water-soluble, ion-exchanged, carbonate-bound, Fe-Al-bound, and organically bound fluoride, with carbonate-bound fluoride being a significant contributor. The study also highlights the influence of carbonate minerals and evaporated salts on fluoride mobilization and accumulation. Static leaching experiments demonstrate that fluoride release is significantly affected by the dissolution of carbonate minerals, driven by both water dissolution and acidic conditions. This research underscores the complex interplay between sediment lithology, mineral composition, and fluoride dynamics, providing valuable insights into the environmental processes governing fluoride contamination in groundwater.",environmental science
"Forest loss, fragmentation, and transformation negatively impact forest biodiversity and ecosystem functionality worldwide. Improving landscape intactness and connectivity through restoration is critical. Determining where to restore remains, however, a challenge. As an approach for prioritizing restoration areas, we define connectivity forest (CFs) as forests outside recognized high conservation value forests (HCVFs) with capacity to support landscape-scale connectivity and green infrastructure (GI) functionality. Across a 1.3 million-ha watershed in boreal Sweden, we identified approximately 130,500 ha of CFs, equal to double the current HCVF area. By integrating CFs with consecutively lower HCVF probabilities, we demonstrate planning implementation at lower to higher ambition levels and identified specific restoration hotspots to guide local-scale restoration planning. Our CF approach has clear implications for efficient spatial targeting of restoration in forest regions where improving conservation in balance with continued forestry for wood production is required to meet national and international biodiversity and environmental goals.",environmental science
"Silage plays a pivotal role in ruminant nutrition, significantly influencing rumen fermentation, animal productivity, and environmental sustainability. Despite extensive research on silage and fermentation, a comprehensive synthesis of global trends and collaborations in this domain has not been systematically explored. This study aimed to conduct a bibliometric analysis of global research on silage feed and its effects on rumen fermentation in ruminants. It sought to identify publication trends, leading contributors, research themes, and international collaboration networks, thereby informing future directions in ruminant nutrition research. A total of 1,007 documents published between 1961 and 2024 were retrieved from the Scopus database using targeted keywords. Bibliometric and network analyses were performed using VOSviewer, Bibliometrix (R package), and Microsoft Excel. Inclusion criteria were limited to peer-reviewed English-language articles focused on silage feed and rumen fermentation in ruminants. Data cleaning and preprocessing involved harmonization of author names, keywords, and institutional affiliations. Publication output has increased significantly since 2010, with China, the United States, and Canada emerging as the top contributors. Major research themes include silage quality, microbial fermentation, methane mitigation, and feed efficiency. Core journals identified include Research on silage and rumen fermentation has evolved from foundational studies to interdisciplinary approaches integrating microbiology, environmental science, and precision agriculture. The field is rapidly expanding, with increasing emphasis on reducing methane emissions and enhancing livestock performance through improved silage practices. However, global collaboration remains fragmented, particularly in underrepresented regions. Future research should focus on metagenomics, smart technologies (e.g., Artificial Intelligence and Internet of Things), and policy-driven strategies to optimize feed systems and support sustainable livestock production.",environmental science
"Detection of micro- and nanoplastic particles at extremely low concentrations in complex matrices is a critical goal in environmental science and regulatory frameworks. Surface-enhanced Raman spectroscopy (SERS) offers unique advantages for detecting molecular species in such mixtures, relying solely on their characteristic fingerprints. However, its application for plastic particles has been constrained due to weak analyte-substrate interactions. Here, we demonstrate a fabrication proof of concept where gold nanoparticles are synthesized directly onto polystyrene (PS) beads, creating hybrid bead structures specifically designed as substrate-free digital SERS (dSERS). This approach allows direct optical detection of the bead fingerprint, highlighting the interplay between bead fabrication and detection. Based on these findings, we anticipate that substrate-free dSERS will emerge as the method of choice for reliable and ultrasensitive detection of a wide range of analytes, laying the groundwork for a ""facial recognition-like"" approach to plastic identification.",environmental science
"Addressing the challenge of feeding a growing global population while mitigating the damages of weather extremes and adapting to climate change requires coordinated efforts across science, policy, and agriculture. Drawing inspiration from recent European Union agricultural and environmental policy reforms, we examine the barriers between scientific advancements, farm-scale applications, and the implementation of agricultural policies. We propose a generalized framework to bridge communication gaps among scientists, policymakers, and farmers. By fostering participatory research, empowering stakeholders, and enhancing education, while still acknowledging the importance of economic efficiency, the framework aims to align environmental goals with farmers' socio-economic realities, and strengthen their active role in environmental protection. It highlights the need to overcome technological and economic barriers, enhance scientific understanding of regional environmental issues, and strengthen collaboration within the scientific community. This approach aims to ensure sustainable agricultural practices, building resilience to climate change while balancing productivity and environmental conservation.",environmental science
"Recently, radioactive pollutants have garnered significant attention within the realms of environmental science and public safety, such as nuclear energy (",environmental science
The clinical presentations associated with This is a narrative review to identify studies reporting toxicity in humans from There were 84 articles that met the inclusion criteria. The articles described 201 and 52 individual The clinical presentations following the ingestion of,environmental science
"Studying the relationship between Moso bamboo sap flow and environmental factors is essential for understanding the water transpiration patterns of this species. Traditional methods often rely on correlation analysis, but correlation does not imply causation. To elucidate the underlying mechanisms of how major environmental factors influence Moso bamboo sap flow, we analyzed the causality between them. First, the Fast Causal Inference algorithm was used to explore non-temporal causal relationships. Subsequently, the Latent Peter-Clark Momentary Conditional Independence algorithm was employed to further analyze the temporal causal effects. We found causal relationships among factors with low gray correlation coefficients. Besides, illumination, air, and soil temperature promote the density increase of sap flow, while carbon dioxide concentration, air humidity, and soil temperature inhibit bamboo sap flow density overall. Among these factors, illumination exhibits the longest lagged causal effect approximately around 80 minutes, whereas carbon dioxide concentration and soil humidity can quickly affect the sap flow density, with approximately 20 minutes. The study presents a novel methodological approach to analyze the complex interplay between environmental factors and sap flow, providing a more explanatory and logical framework. This study offers a novel methodological framework for disentangling the complex interactions between environmental variables and sap flow, providing deeper insights into the dynamic processes driving Moso bamboo water use. The findings contribute to advancing plant physiology and environmental science, while opening avenues for future research in related fields.",environmental science
"Rapid urbanization alters land use patterns and, in turn, regional carbon metabolism. Focusing on Hunan Province, China (2000-2020), we combined high-resolution land-use inventories with ecological network analysis to quantify carbon emissions, carbon sequestration, and the interactions among major land categories. Emissions rose markedly over two decades, driven mainly by expanding transportation and industrial zones. Forests and open woodlands remained the chief sinks, yet showed a declining sequestration capacity. Spatial mapping revealed persistent emission hotspots on urban fringes and within industrial parks, whereas high-sequestration areas clustered in protected forests. Network analysis identified competition, exploitation-control, and mutualistic linkages among land types, highlighting the ecological interdependencies that shape regional carbon flows. These findings clarify how specific land transitions amplify or mitigate carbon imbalance and provide actionable guidance for land-use planning aimed at strengthening ecosystem service capacity and supporting long-term carbon-neutral development.",environmental science
"In this study, MgO-containing magnetic composite biochar (MBC) was prepared from activated corn stover for the efficient removal of Pb",environmental science
"Polycyclic aromatic hydrocarbons (PAHs) are widespread environmental contaminants that threaten ecosystems and human health by binding to estrogen receptor β (ERβ) and disrupting endocrine function. Accurately identifying and predicting the interactions between PAHs and ERβ remains a key challenge in environmental science. To address this, we propose a Multi-Scale Dual-Stream Graph Attention Network (MS-DSGAT) for predicting PAHs-ERβ binding affinity. MS-DSGAT outperforms traditional machine learning models, achieving the highest prediction accuracy (R",environmental science
"Multivariate space-time datasets are often collected at discrete, regularly monitored time intervals and are typically treated as components of time series in environmental science and other applied fields. To effectively characterize such data in geostatistical frameworks, valid and practical covariance models are essential. In this work, we propose several classes of multivariate spatio-temporal covariance matrix functions to model underlying stochastic processes whose discrete temporal margins correspond to well-known autoregressive and moving average (ARMA) models. We derive sufficient and/or necessary conditions under which these functions yield valid covariance matrices. By leveraging established methodologies from time series analysis and spatial statistics, the proposed models are straightforward to identify and fit in practice. Finally, we demonstrate the utility of these multivariate covariance functions through an application to Kansas weather data, using co-kriging for prediction and comparing the results to those obtained from traditional spatio-temporal models.",environmental science
"We introduce an advanced turbulence spectrum model developed from mathematical foundations from a covariance function class and empirically validated using extensive field data. This model captures the complex dynamics of long-range dependence, and fractal characteristics prevalent in riverine and atmospheric boundary layer (ABL) flows that are ignored by classical spectrum models, such as IEC (International Electrotechnical Commission) von Kármán and Kaimal model. The model delineates scaling behaviors across distinct frequency bands and offers substantial flexibility through five well-defined parameters each characterizing a distinct physical aspect of the velocity time series. A detailed procedure for obtaining each parameter from time series data is outlined. The comprehensive validations with field data from tidal currents and ABL flows substantiate the model's fidelity in accurately replicating observed phenomena. This validation establishes the reliability of the proposed model and, when incorporated into stochastic full-field simulators such as TurbSim, demonstrates its potential to advance the predictive modeling and analysis of turbulent flows in environmental science and engineering contexts.",environmental science
"The intersection of sports and natural forests and green spaces represents an emerging interdisciplinary field with implications for public health, environmental science, and sustainable land management and refers to the variety of cultural ecosystem services demanded by people from ecosystems. This manuscript presents a systematic bibliometric and thematic analysis of 148 publications for the period 1993-2024 identified through Web of Science and Scopus, aiming to evaluate the current state of research on sports activities conducted in natural forest environments. Findings indicated a marked increase in scientific interest of this topic over the past two decades, with key contributions from countries such as England, Germany, China, and the United States. Researchers most frequently examined sports such as hiking, trail running, mountain biking, and orienteering for their capacity to provide physiological and psychological benefits, reduce stress, and enhance mental well-being. The literature analysis highlights ecological concerns, particularly those associated with habitat disturbance, biodiversity loss, and conflicts between recreation and conservation. Six principal research themes were identified: sports in urban forests, sports tourism, hunting and fishing, recreational sports, health benefits, and environmental impacts. Keyword and co-authorship analyses revealed a multidisciplinary knowledge base with evolving thematic focuses. In conclusion, the need for integrated approaches that incorporate ecological impact assessment, stakeholder perspectives, and adaptive forest governance to ensure sustainable recreational use of natural forest ecosystems is underlined.",environmental science
"Per- and polyfluoroalkyl substances (PFAS) are a global concern due to their persistence, ubiquity, and accumulation in living organisms. Found in soils, biosolids, water, and the food chain, they pose health risks such as hormone disruption, immune damage, reproductive issues, and cancer. Regulations mainly target older PFAS like PFOA and PFOS, while many newer PFAS, including breakdown products, are poorly understood in terms of distribution, behavior, and toxicity. To address this complex issue, this review offers a detailed overview of human exposure to PFAS and their toxic effects. It highlights biosolids as a key, understudied source of PFAS in the environment. The review also discusses limitations of testing, missing long-term cleanup data, and regulatory issues that neglect total exposure and vulnerable populations. Additionally, it evaluates, in the specific context of biosolids management, the effectiveness, scalability, benefits, and drawbacks of various treatment technologies, such as thermal processes (pyrolysis, incineration, smoldering combustion), advanced oxidation, adsorption, hydrothermal liquefaction, and biological degradation. This work combines environmental science, toxicology, and engineering to outline PFAS management in biosolids and proposes a research and policy plan. Focusing on regulating PFAS as a group, validating real-world results, and employing adaptable treatment strategies underscores the need for a coordinated, science-based effort to reduce PFAS risks worldwide.",environmental science
"This study examines the relationships between spirituality, resilience, and happiness among higher education students, exploring the moderating roles of religious belief and years of study based on developmental and religious coping theoretical frameworks. Developmental theory suggests that university students' psychological resources evolve across academic years, while religious coping theory posits that individual differences in religious commitment may buffer spirituality's protective effects on well-being outcomes. Using a quantitative cross-sectional approach, data were collected from 459 university students from environmental science programs across public and private universities in northern Peru. Participants were predominantly female (59.04%) and aged 18-24 years (73%). Three validated instruments were administered: the Personal Spirituality Scale, Connor-Davidson Brief Resilience Scale, and Subjective Happiness Scale. Religious beliefs were measured on a 5-point scale, while years of study was categorized by academic year. Results from partial least squares structural equation modeling revealed significant direct effects of spirituality on both happiness (β = 0.256,",environmental science
"In recent years, the emergence of multidrug-resistant bacteria and the frequent outbreaks of novel viral pathogens have intensified the demand for novel, efficient, and low-toxicity antimicrobial materials. Copper and copper-based materials, owing to their broad-spectrum and potent antimicrobial properties, have attracted increasing attention across diverse fields, including medicine, agriculture, and environmental science. This review provides a comprehensive overview of the development history, antimicrobial and antiviral mechanisms, fabrication techniques, and bioactive characteristics of copper and its derivatives. It further highlights their current applications in healthcare, public infrastructure, food processing, textiles, and modern agriculture. Challenges associated with material stability, cytotoxicity and environmental safety, are critically discussed. Finally, future perspectives are proposed, emphasizing advances in material synthesis, the development of stable nano-coatings, controlled release strategies, low-toxicity and low-resistance formulations, establishment of standardized pharmacological and toxicological evaluation systems, drug delivery applications, and copper pollution control. This review aims to inform future efforts in overcoming the current limitations of copper-based antimicrobials and supporting their potential future integration into applications across medicine, public health, environmental protection, and agricultural innovation, contingent upon resolving current translational and regulatory challenges.",environmental science
"Conventional sources of coastal pollution, such as industrial discharges, urban wastewater, agricultural runoff, and maritime operations, are well recognized in scientific literature and policy frameworks. These sources are routinely monitored, regulated, and quantified. In contrast, unconventional sources of coastal pollution remain largely absent from monitoring systems despite their growing environmental significance. They arise from diffuse, episodic, or culturally embedded human activities that are rarely addressed by existing regulations, even when they release significant pollutants into sensitive coastal and marine ecosystems. This review synthesizes global evidence of emerging and underrecognized pollution drivers, including religious rituals, informal economies, displacement crises, recreational events, and symbolic coastal practices. These drivers release plastics, chemicals, hydrocarbons, nutrients, and organic waste into habitats such as estuaries, coral reefs, dunes, seagrass beds, among others. Often, they operate without regulatory oversight or environmental assessment. We classify these pollution sources using a novel five-dimensional invisibility framework (cultural, behavioral, situational, institutional, and perceptual). This framework explains why many impactful activities remain unrecognized, under-reported, or unregulated. Cross-cutting patterns include spatial overlaps with protected areas, mismatches between pollutant release and detection, and disproportionate impacts on marginalized communities and critical ecosystem services. Governance blind spots, socio-political normalization, and disciplinary silos further exacerbate the invisibility of these sources. By integrating environmental science, coastal planning, and environmental justice perspectives, this review reframes the conceptual boundaries of marine pollution. It provides a typological, theoretical, and empirical basis for including unconventional sources in global monitoring and management strategies. Recognizing and integrating these drivers is essential for achieving Sustainable Development Goals and ensuring resilient, inclusive coastal governance.",environmental science
"Plastic pollution requires urgent global action, including continued Global Plastics Treaty negotiations. A systems change approach is essential, with growing momentum for a plastics circular economy that emphasizes recycling and bio-based plastics derived from vegetable and algae oils. Focusing on downstream solutions and alternative materials presents three challenges: (1) New materials introduce complexity that complicate waste sorting and management; (2) the potential implications of bio-based plastics not reducing overall demand on single-use packaging consumption; and (3) the lost art of repairing plastic and non-plastic products such as clothing, or electronic devices, which exacerbates waste generation. These challenges can be addressed by reducing plastic consumption; improving product design for better recyclability; incorporating reuse, refill, and redesign systems in current practices; and emphasizing regulatory changes that support a repair culture. Ultimately, we argue that a comprehensive approach is essential to mitigate plastic pollution effectively, requiring collaboration across sectors to drive systemic change.",environmental science
"Grassland locusts and grasshoppers play a vital role in driving the dynamic changes of grassland ecosystems. In this study, we propose a lightweight deep learning-based network model for accurate identification of locust and grasshopper genera. Two image datasets were constructed, each containing 60 genera of locusts and grasshoppers. To improve recognition accuracy and computational efficiency while reducing floating-point operations (FLOPs) and the number of parameters, we introduced the channel-wise principal-component attention (CPCA) attention mechanism module and replaced part of the EfficientNet convolution modules with GhostConv, which incorporates the efficient channel attention (ECA) attention mechanism, thereby developing the CGENet model. During training, transfer learning and the Adam optimization algorithm were employed, significantly enhancing accuracy. This study makes precise control of locusts and grasshoppers feasible, thereby helping to reduce the damage they cause to agricultural production.",environmental science
"Calixarenes are a structurally versatile class of macrocyclic compounds that exhibit broad functionality across pharmaceutical, analytical, industrial, and environmental domains. Their conformational flexibility and functionalize upper and lower rims facilitate selective host-guest interactions, enabling their use in targeted drug delivery systems with demonstrated antiviral, antibacterial, antifungal, and anticancer efficacy. In analytical chemistry, calixarene-based sensors have been integrated into colorimetric, fluorometric, potentiometric, and voltammetric platforms, offering high selectivity and low detection limits for analytes such as metal ions, nucleotides, and neurotransmitters. Advances in medical imaging have leveraged calixarene derivatives to enhance MRI contrast and specificity. Their strong chelating capabilities and environmental stability support their application in water purification and soil remediation. Commercial developments, including green leather tanning agents, anti-corrosion coatings, and COVID-19-era antiviral coatings, highlight their real-world potential. Furthermore, computational and AI-driven molecular modeling approaches have facilitated rational calixarene design by predicting binding affinities, dynamic conformations, and interaction energies. While promising, considerations such as low intrinsic solubility, scale-up limitations, and dose-dependent cytotoxicity require further exploration for clinical translation. This review provides a comprehensive evaluation of calixarenes, emphasizing their evolving role as supramolecular platforms in next-generation scientific and industrial innovations. HIGHLIGHTSBiomedicine: Serving as drug delivery agents and exhibiting antiviral, antibacterial, antifungal, antitubercular, and anticancer activities.Analytical Chemistry: Utilized in solvent extraction, and functioning as sensors in colorimetric and fluorescence assays for detecting various substances, including metal ions.Medical Imaging: Enhancing the resolution and specificity of modalities like MRI, improving diagnostic accuracy.Environmental Science: Detecting and removing metal ions due to their strong chelating properties, aiding in pollution control and detoxification efforts.Industrial Chemistry: Acting as catalysts in chemical reactions, including polymerization and oxidation processes, demonstrating significant potential in industrial applications.",environmental science
"Microplastics (MPs) pose a substantial threat to humans and ecosystems. How MPs move in soils is controlled by a large number of coupled parameters, including MPs and soil properties as well as hydrological and geochemical conditions. We conduct laboratory experiments where two commonly MPs types found in soils-polyethylene terephthalate (PET) and polypropylene (PP)-are leached into an idealized soil analog (glass beads). We use time-lapse imaging to analyze the water flow pathways and spectroscopy to measure the MPs transport. We find that MPs impede water infiltration into preferential pathways, with a stronger effect for the more hydrophobic PP, and that PET is more mobile than PP. We explain this by the stronger impedance of PP on water flow that carries the MPs (the driving force), as well as PP surface charge enhancing its adsorption onto soil particles, and its lower density that limits downward transport. These findings advance our understanding the mechanisms underlying MP transport in soils.",environmental science
"Glaciers in the Himalaya are vital for sustaining streamflow in the Upper Indus Basin. This study quantifies future glacier mass and area changes in the Jhelum sub-basin using projections from 13 bias-corrected CMIP6 climate models under SSP245 and SSP585 scenarios. A temperature-index melt model, combined with field-validated glacier thickness, outlines, and mass balance data, is used to simulate glacier response to climate forcing. Results indicate glacier area losses of 34.7 ± 12.1% under SSP245 and 55.3 ± 16.1% under SSP585 by the 2080s, accompanied by a significant decline in glacier streamflow. These projected changes threaten water availability in the region, with serious implications for agriculture, hydropower, and regional water security. By integrating multiple data sources and modeling approaches, the study provides robust estimates of glacier change and highlights the need to incorporate glacier dynamics into long-term climate adaptation and water resource planning in the Upper Indus Basin.",environmental science
"Liquid jet formations on water surfaces serve as a cornerstone in diverse scientific disciplines, underpinning processes in climatology, environmental science, and human health issues. Traditional models predominantly focus on pristine conditions, an idealisation that overlooks common environmental irregularities such as the presence of particulate matter on water surfaces. To address this shortfall, our research examines the dynamic interactions between surface particulate matter and cavitation bubbles using floating spheres and spark bubbles. We unveil five novel jet modes, advancing beyond classical models and demonstrating enhanced variability in jet dynamics. We observe that particulates significantly lower the energy threshold for jet formation, showing the enhanced sensitivity of jet dynamics to their presence. The phase diagram and analyses illustrate how the interplay between the dimensionless immersion time of the particulate and the spark bubble's dimensionless depth influences jet mode development, from singular streams to complex cavity forms. These insights not only advance our understanding of jet formation, but also unlock the potential for refined jet manipulation across a broad range of physical, environmental, and medical applications.",environmental science
秀丽隐杆线虫作为一种新兴的模式生物，因生命周期短、遗传背景清晰、进化高度保守、基因组解析完全、实验数据与人体结果高度拟合的特点，近年来已被广泛应用于基础医学、生命科学、环境科学等多个学科领域。在毒理学领域，秀丽隐杆线虫模型也展现出其独特优势。本文从秀丽隐杆线虫的生物学特性出发，总结其毒理学研究优势，介绍基于秀丽隐杆线虫模型的毒理学研究方法及研究进展，重点介绍其在环境法医学和法医毒理学方面的应用，并对其在法医学领域的应用前景进行了展望。.,environmental science
"Convergence research addresses societal and environmental challenges by co-creating knowledge across disciplinary boundaries, often in deep collaboration with extra-academic parties to ensure that the research process is solution-focused, actionable, and just. As part of National Science Foundation (NSF)-funded research projects on sustainable regional systems, we present multiple perspectives on conducting convergence research within the coupled social-ecological-technological systems framework. These projects explicitly engage extra-academic parties to co-design and co-produce knowledge throughout all stages of this participatory research. We introduce the 3 C's model as a framework that links a research team's Communication, Collaboration, and Creation decisions to the likely degree of convergence and societal change achieved. This model assesses the degree of integration among different social sciences, biophysical sciences, engineering, and other scientific disciplines, as well as extra-academic partners ranging from governmental agencies and industries to non-profit organizations and tribal communities. Integration in this context is assessed by its ability to situate local problems within broader systemic lenses, resolve conflicts among the priorities of partners, and conduct cutting-edge research that addresses real-world needs with actionable sustainability solutions. By synthesizing inclusive and just practices of conducting convergent research across a selection of research teams, we provide recommendations for academic researchers and administrators to encourage and advance convergence research in solving challenging sustainability issues.",environmental science
"Large language models (LLMs) are revolutionizing specialized fields by enabling advanced reasoning and data synthesis. Environmental science, however, poses unique hurdles due to its interdisciplinary scope, specialized jargon, and heterogeneous data from climate dynamics to ecosystem management. Despite progress in subdomains like hydrology and climate modeling, no integrated framework exists to generate high-quality, domain-specific training data or evaluate LLM performance across the discipline. Here we introduce a unified pipeline to address this gap. It comprises EnvInstruct, a multi-agent system for prompt generation; ChatEnv, a balanced 100-million-token instruction dataset spanning five core themes (climate change, ecosystems, water resources, soil management, and renewable energy); and EnvBench, a 4998-item benchmark assessing analysis, reasoning, calculation, and description tasks. Applying this pipeline, we fine-tune an 8-billion-parameter model, EnvGPT, which achieves 92.06 ± 1.85 % accuracy on the independent EnviroExam benchmark-surpassing the parameter-matched LLaMA-3.1-8B baseline by ∼8 percentage points and rivaling the closed-source GPT-4o-mini and the 9-fold larger Qwen2.5-72B. On EnvBench, EnvGPT earns top LLM-assigned scores for relevance (4.87 ± 0.11), factuality (4.70 ± 0.15), completeness (4.38 ± 0.19), and style (4.85 ± 0.10), outperforming baselines in every category. This study reveals how targeted supervised fine-tuning on curated domain data can propel compact LLMs to state-of-the-art levels, bridging gaps in environmental applications. By openly releasing EnvGPT, ChatEnv, and EnvBench, our work establishes a reproducible foundation for accelerating LLM adoption in environmental research, policy, and practice, with potential extensions to multimodal and real-time tools.",environmental science
"The creation of minimal synthetic cells that mimic the essential functions of biological cells is a long-term goal in synthetic biology. Achieving this objective not only advances our understanding of the origin of life, but also unlocks the way for applications in industry, medicine, etc. A key characteristic of life is self-reproduction, which includes growth and division of the cell and its membrane. This boundary layer is formed by a lipid matrix in which proteins are anchored. The complexity of natural lipid membranes is a major challenge for the construction of a minimal system, as it directly influences membrane shape and protein function. Although simple synthetic compartmentalization systems can consist of a single lipid species, there is substantial uncertainty regarding the complexity of the lipidome required to sustain the essential functions of a self-reproducing cell. This Review highlights the contrast between bottom-up and top-down approaches toward synthetic cell construction, emphasizing the critical interplay between membrane proteins and their surrounding lipid environment. We explore the complexity and compatibility of membrane systems and discuss minimal lipidome requirements for synthetic cellular systems. Impact statement Synthetic cell research will help us to truly understand the basic principles of cellular life, in which lipid membranes are crucial. Ultimately, synthetic cells should lead to engineered specialized entities that can be applied in various fields, including medicine, bio-technology, and environmental science.",environmental science
"Traffic flow data in Europe are collected locally by city authorities using different systems and standards, making it difficult to compare cities or evaluate large-scale maps, such as those used for emission inventories. To address this gap, we compiled and harmonized publicly available traffic data for 36 European cities, linking geolocalized information to road segments, spanning years from 2015 to 2024 depending on data availability. Annual Average Daily (or Weekday) Traffic is provided, and supplementary variables (e.g., truck flow percentages and speed metrics) are included where available. The data are georeferenced, with geometries corresponding to each measurement location. The dataset was enriched with additional attributes through map matching of traffic measurement locations to OpenStreetMap. Code and methodology for transforming raw data into a uniform structure are documented in Python Jupyter Notebooks, ensuring transparency and reproducibility. This dataset in a unified format facilitates cross-city comparisons and supports applications in environmental science, including the estimation of greenhouse gas and pollutant emissions, as well as urban planning and road transport management.",environmental science
"Microplastics are increasingly found in water and food, raising concerns about long-term human health risks, including cancer. This work synthesizes existing data and methodologies to explore the probabilistic human health risks associated with microplastic pollution, offering a comprehensive framework for understanding exposure pathways, toxicity mechanisms, and risk assessment approaches. It emphasizes estimated daily intake (EDI) and potential microplastic cancer risk (MPCR), applying them to evaluate exposure through food and water. Key variables, such as body weight, population group, polymer type, ingestion rate, cancer slope factor, and exposure pathway, collectively inform risk estimates. While ingestion rate and exposure levels (concentration and duration) are central to risk assessment, uncertainties remain. Addressing these gaps requires interdisciplinary approaches combining toxicology, environmental science, and computational modeling to better understand and manage the potential health risks posed by microplastic pollution.",environmental science
"Development of highly efficient and rapid detection methods and sensing materials for volatile organic compounds (VOCs) is meaningful in environmental science and chemistry. Herein, a novel Zn",environmental science
"Engineering infection controls include a wide range of interventions used indoors to reduce occupants' exposure to respiratory pathogens. To identify and describe primary studies evaluating the effects of engineering infection control interventions designed to reduce the spread of respiratory infections transmitted through indoor air. MEDLINE, Embase, Global Health, Cochrane Central Register of Controlled Trials, CINAHL, Scopus, and Environmental Science Collection from database inception to 12 December 2023. English-language primary research articles evaluating engineering infection control interventions. Publication information, population characteristics, intervention details, and all relevant outcomes were abstracted by a reviewer and verified by a second, senior reviewer. A total of 672 studies published between 1929 and 2024 were identified. Most ( Exclusion of non-English-language publications and gray literature. There is substantial heterogeneity in the available evidence. Gaps in evidence include studies measuring efficacy outcomes that are highly relevant for human infection transmission or harms. Refinements in classification of interventions and outcomes could strengthen reporting of these evaluations. National Institute for Occupational Safety and Health at the Centers for Disease Control and Prevention. (Registered on Open Science Framework [https://osf.io/5zmhd]).",environmental science
Climate extreme events like heatwaves (HWs) increasingly threaten marine ecosystems. Using the Manila clam,environmental science
"This study, which bridges the disciplines of archaeology and microbiology, examines the ancient bacterial communities and antibiotic-resistance genes in soil samples collected from İnönü Cave in Zonguldak, Turkiye. Our aim is to provide a comprehensive understanding of historical human activities and their influence on microbial communities. Soil samples were gathered from four distinct cultural levels from the Chalcolithic Age to the Early Iron Age. The microbial communities were characterized, and antibiotic-resistance genes were identified using high-throughput sequencing of 16S rRNA genes and metagenomic studies. This interdisciplinary approach not only enriches our understanding of ancient microbial communities but also opens up new avenues for research and collaboration. The results of our study showed a wide range of microorganisms, including prominent bacterial groups such as Acidobacteriota, Actinobacteriota, Bacteroidota, Chloroflexi, Cyanobacteria, Firmicutes, Myxococcota, and Proteobacteria. The study identified the presence of the tetracycline resistance gene tetA in Chalcolithic samples, the class 1 integron intl1 in Early Bronze Age samples, and the oxacillinase gene OXA58 in Late Bronze Age samples. These findings underscore the long-term impact of human activities on microbial communities, as antibiotic-resistance genes have been present and have remained over various historical periods, perhaps influenced by both human activities and environmental variables. This knowledge is crucial for understanding the resilience and adaptability of microbial communities in the face of human-induced changes. The coexistence of these resistance genes and alterations in the microbial population suggest substantial connections between human activities and soil microbiota. This study, which draws on the fields of archaeology, microbiology, and environmental science, offers valuable insights into the ancient microbial ecology and underscores the enduring presence of antibiotic resistance. It emphasizes the necessity of a comprehensive, interdisciplinary approach, spanning multiple fields, to comprehend microbial communities' evolution and resistance mechanisms in archaeological settings.",environmental science
"Evapotranspiration (ET) shapes climatic variability through the land-atmosphere coupling (LAC). While the relationship between soil moisture and ET is intuitive, the dynamical interaction among vegetation, soil moisture, and ET in LAC is understudied. Here we disentangle soil moisture and the vegetation influence on ET interannual variability using the Community Earth System Model. Globally, 55.7% of the land shows high soil moisture and vegetation coupling with ET. Soil moisture-ET coupling predominates in low-latitude LAC hotspots, while vegetation-ET coupling dominates in arid areas and high latitudes where shrubs and grasses prevail. In high-temperature and low-precipitation areas, soil evaporation induces an ET variability of 0.072 mm day",environmental science
"Droplet impact has been of interest in various fields extending from environmental science to engineering fields and understanding droplet behavior becomes critical in exploring processes like erosion, painting, oil-water separation, and heat transfer. Droplet impact behaviour can be altered by external influences such as ultrasonic excitations, magnetic fields, thermal radiation, and similar. In the present study, impact dynamics of water-ferro particles mixed droplet over hydrophobic mesh surfaces under magnetic influence are investigated and dynamic characteristics are assessed for various ferro-particles concentrations and mesh sizes. Droplet restitution, rebound, implement, and newborn droplet properties are analysed and explored experimentally. It is demonstrated that Weber number, mesh size and ferro particle concentration in droplet fluid have significant effect on the droplet behaviour over hydrophobic mesh. Increasing Weber number (We > 12) lowers the restitution coefficient, which becomes notable for large mesh aspect ratios. Droplet contact duration on mesh surface reduces with increasing Weber number while it reduces with ferro-particle concentrations. Volume of droplet fluid penetration enhances with ferro particle concentration and Weber number. Similarly, number of fragments of penetrated fluid increases with particle concentration and Weber number demonstrating the strong magnetic influence on the mechanism of droplet fluid fragmentation.",environmental science
"ObjectivesThis study investigates the interplay between energy efficiency, lighting control, and window design in hospital settings, emphasizing their collective impact on sustainable healthcare operations.BackgroundDespite growing attention to energy conservation in healthcare, limited research comprehensively addresses how lighting strategies, window designs, glazing solutions, and occupant behavior interact to optimize energy use while enhancing patient environments.MethodsA systematic review of 43 rigorously selected studies was conducted following Preferred Reporting Items for Systematic Reviews and Meta-Analyses (PRISMA) guidelines, analyzing research across architecture, engineering, environmental science, and healthcare disciplines to explore these relationships.ResultsThe findings highlight that adaptive lighting, high-performance glazing, and optimized window design play a crucial role in enhancing energy efficiency, lowering operational costs, and improving patient comfort.ConclusionThis study provides actionable insights for healthcare professionals, facility managers, and policymakers to promote sustainable hospital design by integrating energy-efficient strategies.",environmental science
"Phytoremediation is an environmentally friendly and low-cost technology for remediating petroleum contaminated soils. This review analyzed the publications indexed in the Scopus database between 2015 and 2025. The number of publications and citations related to the phytoremediation of petroleum hydrocarbons has increased rapidly, presumably due to the growing environmental pollution of petrochemicals worldwide. China emerged as the most productive country, followed by India and the United States, respectively. The majority of publications were found in Environmental Science and Pollution Research, International Journal of Phytoremediation, Chemosphere, Science of the Total Environment, and Journal of Hazardous Materials. The top five keywords in this field were bioremediation, polycyclic aromatic hydrocarbons, petroleum hydrocarbons, rhizoremediation, and heavy metals, excluding phytoremediation. The keyword analysis showed a focus on co-contaminated soil, plant-microbial interaction, amendment-assisted phytoremediation, and phytotoxicity. This bibliometric review provides valuable insights for future directions related to the phytoremediation of petroleum hydrocarbons. Phytoremediation is an environmentally friendly and cost-effective method for remediating petroleum contaminated soils. Phytoremediation of petroleum hydrocarbons remains a central topic based on the increasing number of publications and citations. The bibliometric analysis showed that China, India, and the United States were the most productive countries in this field. The research hotspots were identified as co-contaminated soil, plant-microbial interaction, amendment-assisted phytoremediation, and phytotoxicity.",environmental science
"Although photovoltaic (PV) power is widely viewed as a zero-carbon solution, its upstream module production remains highly carbon-intensive. Existing studies often fail to capture supply chain heterogeneity and spatial differences in production, limiting assessments of the sector's low-carbon transition. This study conducted a carbon footprint analysis of monocrystalline modules manufactured in China from 2008 to 2023, incorporating refined data for supplier-specific configurations and province-level electricity carbon intensity. Results showed that production-side carbon footprints fell from 2.01-3.24 kg CO",environmental science
"This study evaluates how different management systems influence soil organic carbon (SOC) sequestration in a Mediterranean ecosystem of the Iberian Peninsula. SOC was quantified in 108 samples from wooded shrubland (WS) and shrubland without trees (S), featuring species such as",environmental science
"Climate change and air pollution are reshaping viral circulation patterns and increasing host vulnerability, amplifying the burden of respiratory illness in early childhood. This narrative review synthesizes current evidence on how environmental exposures, particularly to nitrogen dioxide, ozone, and fine particulate matter, contribute to the incidence and severity of bronchiolitis, with a focus on biological mechanisms, epidemiological trends, and public health implications. Bronchiolitis remains one of the leading causes of hospitalization in infancy, with Respiratory Syncytial Virus (RSV) being responsible for the majority of severe cases. Airborne pollutants penetrate deep into the airways, triggering inflammation, compromising mucosal defenses, and impairing immune function, especially in infants with pre-existing vulnerabilities. These interactions can intensify the clinical course of viral infections and contribute to more severe disease presentations. Children in urban areas exposed to high levels of traffic-related emissions are disproportionately affected, underscoring the need for integrated public health interventions. These include stricter emission controls, urban design strategies to reduce exposure, and real-time health alerts during pollution peaks. Prevention strategies should also address indoor air quality and promote risk awareness among families and caregivers. Further research is needed to standardize exposure assessments, clarify dose-response relationships, and deepen our understanding of how pollution interacts with viral immunity. Bronchiolitis emerges as a sentinel condition at the crossroads of climate, environment, and pediatric health, highlighting the urgent need for collaboration across clinical medicine, epidemiology, and environmental science.",environmental science
"In this study, we introduce Shannon entropy as a key metric for assessing concentration variability in diffusion processes. Shannon entropy quantifies the uncertainty or disorder in the spatial distribution of diffusing particles, providing a novel perspective on diffusion dynamics. This proposed approach enables a more comprehensive characterization of mixing efficiency, equilibrium states, and transient diffusion behavior. Numerical simulations performed using the finite difference method in the MAPLE 2025 symbolic computing environment illustrate how entropy evolution correlates with diffusion kinetics. The computational model used in this study is based on a previously developed framework from our earlier research, ensuring consistency and validation of the results. The findings suggest that Shannon entropy can serve as a robust descriptor of diffusion-driven mixing, with potential applications in engineering, environmental science, and biophysics.",environmental science
"RNA-based/associated biosensors represent a rapidly expanding area of research, providing highly sensitive tools for detecting and monitoring RNA in diverse biological contexts. These sensors offer the ability to track RNA localization, modifications, and interactions in real-time, making them particularly well-suited for developmental biology research. Despite their demonstrated utility in fields such as diagnostics, synthetic biology and environmental science, the application of RNA biosensors in developmental biology has only begun to emerge within the past decade. This gap is notable given the potential of these tools to address key questions about spatiotemporal RNA regulation and cellular signaling during development. This perspective review presents a selection of RNA biosensors, including fluorescent RNA aptamers, CRISPR-Cas-based systems, riboswitches, and catalytic RNA sensors, which have gained attraction in other scientific disciplines. These tools can be used not only to study intrinsic RNA biology, such as RNA expression, splicing, and localization, but also to detect the effects of extrinsic physical and chemical factors, including pH, temperature, redox state, and mechanical stress, on RNA behavior during developmental processes. These examples illustrate how RNA biosensors could be adapted to study developmental mechanisms in model organisms, enabling investigations into RNA dynamics and their role in shaping developmental processes. By revisiting these underutilized tools, this review highlights their relevance for advancing the understanding of molecular mechanisms in developmental biology studies.",environmental science
"Open science, work and knowledge that are developed in full, offers critical resources that provide students with insights into the process of research in many fields. There are extensive opportunities within environmental sciences to incorporate open science into undergraduate level courses. There are seven major open science concepts that could be used to teach undergraduate environmental science courses that align with professional research activities, including open-access papers, pre-prints, open data, open-source software, published code, collaborative tools for version control, and open notebooks. Here, we assessed the use of these open science concepts in connection to the European Union pillars of open science, outlining key benefits, challenges, and how these tools can be used in undergraduate environmental science courses. Specifically, these tools support a framework for open science structured around eight pillars, providing incentives to collaborate, enhancing transparency and openness, and promoting diversity and inclusivity. Collectively, these tools support teaching environmental science content as many of the skills gained directly relate to analyzing environmental topics and data while supporting transparency to collaborators and stakeholders. This provides learning opportunities including finding and reusing data, team collaboration, and reading and working with code. Further endorsing the use of open science in environmental science courses can enhance these courses as these tools align with professional research activities that are currently being used, including publishing data collected in labs, pre-print publishing capstone papers or lab reports, openly publishing code used for analysis, and publishing field notes.",environmental science
"Geographic Information Systems (GIS) have become essential tools in animal and public health, particularly within the One Health framework. Despite their relevance in health and environmental science programs, GIS training is not yet fully integrated into veterinary curricula. This gap limits the ability of veterinary students to effectively utilize spatial data in their future professional practice. To address this educational shortfall, we implemented a teaching innovation project at the University of Murcia, aimed at incorporating GIS training into veterinary education. Using open-access tools, we designed a series of tutorials, manuals, and exercises with graduated levels of complexity. These resources were based on real and simulated epidemiological datasets and focused on topics relevant to animal and public health. The tools employed included online GIS platforms such as the European Rabies Bulletin (ERB), free desktop applications like Epi Map from Epi Info 7 and QGIS, as well as ArcGIS Online, including its story map functionalities. The educational pathway developed introduces GIS through a stepwise progression: (1) use of the ERB to explore official rabies data in Europe since 1977; (2) application of fictional disease data in rabbits using Epi Map and QGIS for beginners; and (3) analysis of official bovine tuberculosis sanitation campaigns in Ciudad Real (2007-2011) for more advanced users. The exercises support data visualization, geospatial analysis, and the generation of online outputs. They were designed to be accessible to users with no prior GIS experience and can be implemented remotely and asynchronously. This approach offers a scalable and accessible model for integrating GIS into veterinary education. The ability to visualize epidemiological patterns and combine health and production data with environmental risk layers fosters student engagement and spatial reasoning. Moreover, the capacity to publish results online enhances dissemination and interdisciplinary collaboration. Future work will focus on evaluating student learning outcomes and refining the pedagogical design based on user feedback.",environmental science
"While climate extremes are conventionally considered primary triggers of extreme growth suppression (EGS) in trees, the role of trees' intrinsic resistance capacity in mediating EGS remains a persistent knowledge gap. By analyzing 4,599 EGSs across 2,631 juniper trees at 61 sites on the Tibetan Plateau, we quantified the influence of intrinsic and extrinsic factors on EGS using a random forest model and a piecewise structural equation model. The results showed tree resistance exerted 1.7× greater effect on EGS likelihood than climatic variables of the current year, mediated through both direct physiological pathways and indirect age-related effects. Tree age negatively modulated resistance capacity. These findings fundamentally challenge the climate-centric paradigm in dendroecology, which emphasizes the critical role of individual tree physiology in mediating climate responses. Our mechanistic framework advances a predictive model of forest dynamics under climate change by integrating resilience with traditional climate-growth relationships.",environmental science
"Global health aims to improve health outcomes and promote equity by addressing transnational health issues through cross-disciplinary collaboration. This field merges preventive measures with clinical care to enhance health and reduce disparities. On the other hand, human well-being includes material and non-material factors that influence quality of life and personal fulfillment. Together, they are crucial for sustainable development, aligning with the UN's Sustainable Development Goals. Though often examined separately, understanding their interconnectedness can reveal the root causes of global challenges, such as pandemics and climate change, and inform comprehensive strategies for a healthier, more equitable world. This systematic review updates the current challenges and opportunities in global health and well-being. It highlights the importance of scalable, cost-effective solutions, incorporating global health, environmental sustainability, and local contexts to address issues like antimicrobial resistance (AMR), zoonotic diseases, and climate-related health impacts. The study advocates for a multidisciplinary approach, integrating knowledge from medical microbiology, agriculture, environmental science, and traditional practices. Effective solutions should be holistic and inclusive, incorporating bioinformatics in AMR, One Health strategies, and sustainable food systems through regenerative agriculture. These recommendations support broader health equity goals, emphasizing the deep connections among human, animal, and environmental health that are essential for global well-being.",environmental science
"Understanding the polymorphs and amorphous structures of silicon oxide is an essential issue not only for fundamental science but also for energy and environmental science. In particular, the amplification mechanism of chiroptical signals in amorphous silicon oxide has drawn significant attention. Here, we explore how the chiroptical signal can be amplified in amorphous silicon oxide (silica) having nanoscale helical structures. Our findings reveal that the observed vibrational circular dichroism (VCD) signals originate from the formation of symmetry-broken siloxane ring structures. Furthermore, we demonstrate that the amplification of siloxane VCD signals is driven by an enthalpy-driven asymmetric ring distortion during volumetric shrinkage.",environmental science
"Whole-cell biosensors (WCBs) are instrumental platforms for discovering and characterizing regulatory elements and advancing bioengineering. They also hold immense promise for environmental and food monitoring. While significant efforts have been invested in enhancing their sensitivity and portability, the standardization of their handling and data analysis remains relatively underdeveloped. This article presents a comprehensive guide to utilizing two recently developed WCBs, Mer-Blue and Mer-RFP, proven capable of detecting ionic mercury at levels below the World Health Organization's drinking water limits. The protocols detailed herein encompass microbial culture preparation, sensor calibration, data acquisition, and analysis. For the fluorometric Mer-RFP biosensor, a novel biosynthesis allocation theorem is employed to identify the time interval for reliable and accurate dose-response measurements. For the colorimetric Mer-Blue biosensor, a low-cost camera setup enables rigorous measurements in settings lacking expensive spectrophotometers and fluorimeters, facilitating decentralized pollution monitoring. The procedures used for testing freshwater samples are described, and the limitations of these biosensors with respect to sample types are discussed. By sharing these handling and analysis techniques, we encourage broader research groups to adopt and improve these biological devices for developing effective environmental monitoring solutions. Ultimately, this research aims to facilitate the widespread adoption of biosensor technologies within the environmental science community, contributing to more effective and efficient monitoring of trace element pollution in various ecosystems.",environmental science
"The coastal counties of Zhejiang Province, China, are important for economic development, marine economy, and nature conservation. This study aimed to support sustainable land-use policies through the planning and management of 35 counties, using official land-use data from 1990 to 2020. Spatial analysis methods included transition matrix, land-use intensity, landscape-pattern indices, centroid shift, and standard deviation ellipses. Results showed a ""north-cropland, south-woodland"" structure, together over 75% of the area. Construction land expanded steadily to 20%, mainly from cropland, woodland, and grassland (87% of outflows). Inflows mainly involved construction land, woodland, and cropland (91%). The wetland was dominated by the river channel and mudflat. Mudflat and beach made up 94% of outflows; reservoir and pond, 78% of inflows. Land-use intensity increased overall, with Pinghu highest. Grassland centroid shifted 38.74 km. Ellipses showed directional changes. Land-use diversity and spatial complexity increased, reflecting intensified human influence and offering a basis for sustainable planning and ecological restoration.",environmental science
"Metabolic syndrome (MetS) is considered to be an important factor leading to an increased risk of chronic non-communicable diseases. Studies have found that exposure to environmental endocrine disruptors (EEDs) is associated with MetS, but the relationship between the two is unclear. In order to clarify the relationship between the two, a systematic review and meta-analysis were conducted to investigate their association. We searched Web of Science databases, Embase, and PubMed. We then utilized I",environmental science
"Technological risks in the lithium supply chain have garnered significant global attention. Yet limited research explores their impact on trade stability or how technological progress mitigates diffusion. This study analyzes the interplay of technological and trade risks-where risks such as technological disruptions and technical barriers to trade destabilize trade flows and amplify supply chain vulnerabilities-within the lithium supply chain, incorporating technology dependency and supply chain management theories. Findings reveal that the U.S. holds 56-79% of core technologies across stages, while China accounts for 6-25%. This monopoly fosters potential risks such as technological barriers and embargoes, leading to large-scale trade risk diffusion characterized by branching and interactive infection patterns. Global losses could reach $90.0 billion, while China may reduce downstream losses by $5.2 billion through tech advantages. This research reveals transmission mechanisms and simulates risk diffusion, offering new insights into supply chain sustainability.",environmental science
"Sustainability challenges, such as transitioning to a circular economy, require people to engage in sustainable behaviors. Yet, current systems often inhibit sustainable behaviors, implying systemic changes are needed. Importantly, citizens can take action to provoke systemic changes. We propose the systemic change through citizen action (SCCA) framework that indicates which actions citizens can take to promote systemic changes that contribute to a circular economy. Specifically, the SCCA proposes that citizens can promote systemic change to support circularity by engaging in circular citizenship behaviors that aim at influencing other actors, including governments, businesses, and other citizens. The SCCA indicates which behaviors citizens can take to urge different actors to take action that would promote systemic change, thereby integrating previously dispersed research. We provide a research agenda indicating how the SCCA framework can inspire future research, including identifying key factors influencing citizens' likelihood to engage in circular citizenship behaviors.",environmental science
"Food security depends on food production exceeding consumption, which are influenced, respectively, by climate change and socio-economic development. We adopted a hybrid approach for predicting features of future food security in China. Specifically, complex interactions in food security were examined using copula-based Markov Chain Monte Carlo simulation. Crop yields per unit area were simulated with a denitrification-decomposition (DNDC) model under four climate-change scenarios. A high shortage risk for soybean and lower shortage risks for maize and wheat were predicted. Compared with the extent of food security in China under other dietary patterns, the performance advantage of the Chinese dietary pattern was identified, which could mitigate crop shortage risks. The shortage risk of core crops would not be influenced greatly under the different dietary patterns. In the planning years 2025 and 2030, the shortage risks for soybean and rice would be pronounced (i.e., more than 50%), whereas those for maize and wheat would not be prominent.",environmental science
"The source area of the Yellow River is characterized by complex climatic and geomorphological conditions, fragile ecosystems, and a series of ecological and environmental problems. At the same time, the region is an important ecological barrier area in China, which is related to national ecological security. The construction of ecological and risk networks is indispensable for maintaining ecological processes and sustaining ecological harmony. Based on ordered weighted average operator, morphological spatial pattern analysis, ecological sensitivity, circuit theory, CA-Markov model, kernel density analysis, and other methods, this study aims to consider the positive and negative connections of the network thus constructing the ecological and risk network and predicting the potential risk areas in the future. It provides guidance, reference and early warning for ecological protection and restoration in the Yellow River source area in order to promote ecological high quality and sustainable development.",environmental science
"Urban agglomerations are crucial for achieving the United Nations Sustainable Development Goals (SDGs). However, uncertainties remain in the indicators and methodologies used to measure their sustainability. This paper establishes and analyzes the SDGs network at national and urban agglomeration levels, highlighting that urban agglomerations are key scale to achieving sustainable development but are far more complex than a single city scale. Then, this paper proposes an assessment framework for urban agglomeration, which includes indicators, methodological approaches, and validation processes. By introducing the multi-level coupling coordination degree, various influencing mechanisms are integrated into the evaluation stage. In addition, this paper constructs redundancy and sensitivity analyses and establishes a correlation network between indicators and SDGs to collectively validate the robustness and international compatibility of the indicator system. This study provides strong support for understanding and promoting the sustainable development of urban agglomerations, contributing to the achievement of the 2030 Agenda.",environmental science
The aim of this study was to investigate associations between human exposure to persistent organic pollutants and sex hormone levels. The study population (,environmental science
"High-concentration refractory coffee wastewater containing about 2,000 mg/L of biotoxic lactic acid is treated by microwave technology. At a microwave power of 900 W, a large amount of activated carbon (AC) reduces the number of hot spots. After microwave radiation, the lactic acid concentration drops to 200 mg/L, with a removal rate of 90%. CaO promotes the process. In the microwave-AC-CaO method, ""hotspots"" on AC generate free radicals. The effects of microwaves degrade lactic acid into CO",environmental science
"This study introduces a hybrid method to identify and analyze techniques for microplastic analysis. We improve the detection and understanding of both established and new techniques by integrating regex-based pattern detection with the Llama 3.2:3b language model. Techniques like Raman and FTIR spectroscopy are explored alongside advanced tools, such as X-ray Photoelectron Spectroscopy (XPS) and Surface-Enhanced Raman Spectroscopy (SERS). This combination enhances the accuracy and speed of identifying complex terminology related to microplastics research. Data analysis and visualization were conducted using VOSDataAnalyzer and VOSviewer, allowing us to map connections and trends within a network of related terms. This analysis identified the 15 most commonly used and emerging techniques, showing a shift toward more sensitive and innovative methods in microplastic studies. This novel Regex-Llama approach, introduced here for the first time, provides a scalable methodology applicable to various searches, including the analysis of pollutants in environmental science, the evaluation of material degradation in materials engineering, and the assessment of the toxicological effects of micro-contaminants on public health. This strategy facilitates environmental evaluations and aids in formulating pollution reduction measures, addressing many difficulties across several interesting fields.",environmental science
"Nanoparticles have gained significant attention in biomedicine, electronics, and environmental science due to their unique physicochemical properties, which critically influence their absorption, distribution, metabolism, and excretion behavior in biological systems. However, predicting nanoparticle biodistribution and pharmacokinetics remains challenging due to the complexity of biological systems and the reliance on animal-derived data for physiologically based pharmacokinetic (PBPK) modeling. To address these limitations, this study integrates PBPK modeling with quantitative structure-activity (QSAR) relationship principles and multivariate linear regression (MLR) to develop a predictive framework for nanoparticle biodistribution based solely on physicochemical properties, using biodistribution data from healthy mice. Focusing exclusively on nondissolvable nanoparticles, we employed Bayesian analysis with Markov chain Monte Carlo simulations to fit PBPK models and generate kinetic parameters. The MLR-PBPK framework demonstrated strong predictive accuracy for kinetic indicators (adjusted",environmental science
"Pesticide residues in freshwater threaten water sustainability, but the global discrepancies in freshwater pesticide contamination remain uncertain. This study collected pesticide concentration data from various countries around the world and adopted a flexible scoring approach to assess contamination within surface freshwater and groundwater. Results revealed significant disparities in contamination among countries. Africa was identified as a priority for freshwater pesticide control as most countries there showed relatively high scores in both surface freshwater and groundwater. Notably, robust pesticide regulations were associated with reduced surface freshwater pollution, whereas pesticide usage intensity showed no clear effect. Additionally, pesticide residues in freshwater pose challenges to drinking water safety, with over half of the water samples in many African and Asian countries exceeding aldrin and dieldrin limits. These findings provide insight into the pattern of global pesticide freshwater contamination, urging efforts on comprehensive water monitoring networks and joint pesticide management within freshwater.",environmental science
"Understanding the structure and function of microbial genomes is crucial for uncovering their ecological roles, evolutionary trajectories, and potential applications in health, biotechnology, agriculture, food production, and environmental science. However, genome reconstruction and annotation remain computationally demanding and technically complex. We introduce a bioinformatics platform designed explicitly for long-read microbial sequencing data to address these challenges. Developed as a service of the Italian MIRRI ERIC node, the platform provides a comprehensive solution for analyzing both prokaryotic and eukaryotic genomes, from assembly to functional protein annotation. It integrates state-of-the-art tools (e.g., Canu, Flye, BRAKER3, Prokka, InterProScan) within a reproducible, scalable workflow built on the Common Workflow Language and accelerated through high-performance computing infrastructure. A user-friendly web interface ensures accessibility, even for non-specialists. Through case studies involving three environmentally and clinically significant microorganisms, we demonstrate the ability of the platform to produce reliable, biologically meaningful insights, positioning it as a valuable tool for routine genome analysis and advanced microbial research.",environmental science
"Per/polyfluoroalkyl substances (PFAS) make up a concerning class of environmental contaminants across the world. Corresponding health concerns and increasing exposure to PFAS warrant the development of portable detection methods for on-site testing to increase testing frequency, minimize PFAS exposure, and guide remediation efforts. This work aims to demonstrate the potential of using functional nucleic acids (FNAs) as a biosensing platform for such purposes. Specifically, we tested multiple aptazyme constructs to program signal amplification into a PFOA aptasensor to increase the sensitivity for PFOA detection. The results show that sensors were comparable to the aptasensor but used a simpler colorimetric readout compared to fluorescence. Interestingly, the selectivity of the aptazyme sensor was altered to detect longer chain PFAS. Though the primary goal of this research is to improve PFAS detection using aptazyme sensors by improving sensitivity and using a colorimetric readout, more broadly, this work aims to develop generalizable design rules for constructing aptazyme sensors.",environmental science
"Ensuring data integrity is crucial for environmental research, particularly in the data-driven era, yet breaches remain a persistent challenge, and effective technical solutions are still lacking. To address this, we have developed a customized blockchain-based full-process environmental data management system (BSDMS) tailored to environmental data integrity needs. By leveraging encryption algorithms, BSDMS ensures data immutability and traceability throughout the research process. The system is publicly accessible at http://www.bsdms.org for global use. Unlike conventional blockchain systems, BSDMS employs a project-specific, limited distributed storage model that balances data security and the confidentiality of unpublished environmental data. We validated its effectiveness through three scenario tests─data transmission, processing, and storage─demonstrating its ability to ensure traceability, prevent tampering, and resist malicious attacks in environmental science. Additionally, performance evaluations across 179 researchers highlight its potential for providing verifiable, tamper-proof data for peer review and publication. Overall, BSDMS enhances transparency, reproducibility, and accountability in environmental research, ensuring the oversight and ethical compliance of data usage in environmental science research.",environmental science
"This dataset comprises high-resolution satellite images for monitoring deforestation in Dhaka, Bangladesh. Data were acquired via Google Earth Pro from fixed locations to maintain consistency in observing tree cover alterations. Each image includes annotations and JSON mask files that delineate tree cover and deforested areas. The dataset facilitates machine learning applications, including object detection, semantic segmentation, and change detection. Image resolution and aspect ratio vary, with 5-35 images recorded per location annually over a decade. This data serves researchers investigating urbanization's environmental impact and the gradual reduction of tree cover in a rapidly evolving urban environment. Utilizing the annotations and masks enables the training of machine learning models to identify and forecast vegetation changes, aiding environmental monitoring and conservation initiatives. Furthermore, the dataset is readily applicable for educational purposes in disciplines such as geography, environmental science, and machine learning. It provides critical insights into the application of machine learning and image processing in addressing real-world environmental issues.",environmental science
"Industrial process-related greenhouse gas (GHG) emissions represent a crucial factor in exacerbating climate change due to their hard-to-abate characteristics. Previous studies mainly focused on the production side to construct emission inventories, which makes identifying the drivers of industrial process-related emissions from the consumption and income sides essential. The results show that the per capita consumption and income were main driving factors, while emission intensity and changes in intermediate product structure were the main offsetting factors. From the perspective of major products, the changes in emission intensity was the main offsetting factors for clinker, lime, ammonia, and crude steel. The mitigation of China's industrial process-related GHG emissions is profoundly influenced by macroeconomic conditions, economic structures, and mitigation technologies. A multi-dimensional understanding of economic drivers of industrial process-related GHG emissions can facilitate cost-effective climate mitigation policies in China.",environmental science
"Despite consistently increasing efforts to reduce legacy and emerging pollutants like microplastic (MP), agro-ecosystems, particularly soil carbon is alarmingly threated to be replaced by plastic carbon, endangering the one health. While MPs have witnessed unprecedented research focus and frequency spike, the hydro-biological aspects in connection to urbanization, agricultural practices and ecosystem services are not explicitly discussed. Hence, we provide a comprehensive examination of MP sources, transport, and factors influencing their migration in soil and groundwater, with specific emphasis on urbanization, surface-groundwater interactions, and flooding, its interactions with organic and inorganic pollutants, antibiotic resistance genes, and potential routes exposure to humans, and toxicity augmentation. The investigation explicitly establishes the fact that flood-prone countries exhibit higher MPs infiltration into the greater depth of soil profile. However, plastic mobilization during undefended flood events varies significantly across the globe. Notably, China stands out with the highest MP concentrations in both agricultural soil and groundwater samples compared to other countries. MPs are found to be heterogeneously distributed across different soil depths, from shallow (0-5 cm) layers to deeper ones (up to 40 cm). On the other hand rapid urban development increases plastic waste on streets and other urban areas, and thus the influence of hydro(bio)logy-urbanization-agro-ecosystems nexus become highly significant. As MPs migrate through vadose zone via both vertical and horizontal transport mechanisms, it is imperative that interdisciplinary collaboration of experts from environmental science, hydrogeology, microbiology, material science, and engineering to understand and mitigate MPs contamination to achieve sustainable development goals.",environmental science
"Humans have interacted with, and impacted, marine ecosystems for millennia. During this time, the oceans have experienced ecosystem degradation through harvesting, habitat change, pollution, the introduction of invasive species and climate change. Despite extensive documentation of substantial recent anthropogenic impacts, our understanding of ancient marine biodiversity remains limited for many ocean regions. This theme issue advances our knowledge of past oceans, revealing how diverse perspectives from across disciplines can provide new insights into marine anthropogenic exploitation over thousands of years. Through engaging a range of source materials, including material remains, historical records and palaeoenvironmental archives, the contributions reveal shifting seas responding to both natural climatic changes and human impacts. Collectively, these outputs demonstrate the value of interdisciplinarity and cross-cultural approaches in understanding ocean change. As marine restoration programmes expand globally, combining disciplinary approaches and novel methods across deep time can provide novel baseline data against which to measure recovery and raise ambition for marine conservation. Beyond biodiversity baselines, understanding past ocean changes can provide key insights into the mechanisms through which human impacts alter marine ecosystems, allowing us to learn from our ancestors' effective and ineffective ocean stewardship practices. Just as diverse ecosystems are buffered against change, diverse human-ocean interactions are important for flourishing future seas.This article is part of the theme issue 'Shifting seas: understanding deep-time human impacts on marine ecosystems'.",environmental science
"The role of residential greenness exposure (RGE) in prevention and control of allergic diseases remains controversial. This systematic review evaluated the association between RGE and the risk of developing asthma, allergic rhinitis (AR), food allergy, atopic dermatitis (AD), and asthma control. MEDLINE and EMBASE searches retrieved 17 cohort and case-control longitudinal studies (12 for asthma, 6 AR, 1 food allergy, 1 ad). Risk of bias was assessed with ROBINS-E, and certainty of evidence with GRADE. Data were meta-analyzed using adjusted odds ratios (aORs) with random-effects models. For ""ever asthma"" and ""ever AR"" a non-significant protective trend of RGE was observed (aOR 0.92, 95% CI 0.72-1.18; aOR 0.61; 95% CI 0.24-1.55). For ""current asthma"" RGE was associated with increased risk (aOR 1.17, 95% CI 1.04-1.33), with no clear association for ""current AR"" (aOR 1.03; 95% CI 0.80-1.32). Prenatal RGE reduced the risk of ""ever asthma"" (aOR 0.94, 95% CI 0.93-0.950) and AD (aOR 0.996, 95% CI 0.993-0.999). RGE increased the risk for peanut (aOR 1.78, 95% CI 1.13-2.82) and egg allergy (aOR 1.38, 95% CI [1.05-1.82]). Reduced RGE decreased asthma control (OR: 2.662, 95% CI [1.043-6.799]). Potential benefits or potential harms of RGE should be judged in a context-specific manner.",environmental science
"Common-pool resources (CPRs), including fisheries and the atmosphere, are critical for ecological, social, and economic sustainability but are easily overused. We use an agent-based model to investigate how social networks shape resource extraction outcomes. Networks with highly visible nodes can create a ""majority illusion"" in which most users believe high-intensity extraction is dominant, even if it is not. This misperception can push the entire population toward one of two possible states: an abundant, high-welfare resource or a depleted, low-welfare one. Aligning users' environmental impact with their visibility can mitigate this effect and steer the system toward a single, predictable outcome. These results suggest that network-based policies, such as reshaping information flows, particularly targeting high-impact hubs, could help stabilize cooperative behaviors and encourage sustainable management of CPRs, reducing the risk of tragedy-of-the-commons scenarios.",environmental science
"Fundamental investigations of ice nucleation, a key process in fields from environmental science to cryobiology, require model systems with chemical and physical structures that are well defined and easily varied. DNA origami is an especially promising model because of the exquisite control that it offers over the physical geometry of the nucleating agent at the nano-scale. Here we compare ice nucleation by solutions of a rectangular DNA origami tile, formed by annealing a 2.6 kbase single-stranded DNA scaffold with ninety shorter 'staple' oligonucleotides, to ice nucleation when these components are mixed at the same concentrations but not annealed. Isothermal measurements show that the molecular conformation has a dramatic effect on the ice nucleating efficiency. For an array of droplets containing annealed, well-folded tiles the freezing rate is constant, whereas for unannealed DNA the freezing rate decreases with time. Despite the freezing rate measured at low temperature being higher for the annealed DNA origami samples than for a significant proportion of the unannealed ones, in slow temperature-ramp measurements the latter generally freeze at higher temperatures. We show that this behaviour is consistent with the formation of small numbers of highly efficient nucleating agents in the unannealed samples, likely through molecular aggregation.",environmental science
"This study addresses a critical research gap in water quality monitoring, specifically within the Cauvery River basin, where substantial contamination poses significant risks to both human health and aquatic ecosystems. The paper introduces an effective and sustainable river water quality monitoring system, termed MLRMC-WQM (Multiple Linear Regression and Multi-class CatBoost-based Water Quality Monitoring). The system leverages Linear Regression to predict basic water quality parameters based on straightforward relationships, while CatBoost refines these predictions by capturing more complex, nonlinear relationships. Various sensors are integrated with a Raspberry Pi-5, which collects readings at regular intervals. The Raspberry Pi-5 is equipped with wireless communication modules to transmit real-time data to cloud servers, where the information is stored and processed. Cloud platforms provide scalability, security, and accessibility for efficient data management. By incorporating energy-efficient and scalable technologies, the system minimizes environmental impact while ensuring long-term sustainability. If the system detects abnormal levels of pollutants, turbidity, or other parameters, it triggers automated alerts via SMS, email, or app notifications. The effectiveness of the MLRMC-WQM model is assessed using regression metrics, including Mean Absolute Error (MAE), Root Mean Squared Error (RMSE), R-squared (R",environmental science
"Single land surface temperature (LST) cannot accurately characterize the high temperature and humidity inside cities due to climate warming. Studies on changes in hot and humid urban environments have gradually used near-surface air temperature and humidity. The present study, applying the theory of local climate zones (LCZs), showed that the distribution features of hot humid urban environment and variations across time and space, both at the surface and near-surface level, could facilitate analysis of the evolution of summer heat climate in high-humidity municipalities. According to the results, from 2013 to 2022, the average LST increased by 6.15°C. LCZ8, LCZ10, and compact LCZs were the main warming areas. Relative humidity had a considerable cooling influence on the near-surface temperature but had no discernible effect on LST. Temperature of the wet bulb in the city center was lower than in the suburbs, and those in LCZs 1-3 were higher than those in LCZs 4-6.",environmental science
"Liquid chromatography-mass spectrometry (LC-MS) is a highly sophisticated analytical technique that has become indispensable for sample analysis across various scientific domains. In recent years, LC-MS has emerged as a cornerstone technology in comparative replicate sample analysis, particularly in the fields of proteomics, lipidomics and metabolomics. This review provides a comprehensive and in-depth exploration of LC-MS applications in biological, and applied sciences from the key aspects include (1) a historical perspective on LC-MS development and advancements; (2) its critical role in forensic investigations and environmental science; (3) its applications in food safety, quality control and pharmaceutical analysis and (4) its significance in the examination of pharmaceuticals and biological specimens. By presenting a broad and integrated understanding of LC-MS, this review underscores its transformative impact on life sciences and its expanding role in scientific research and innovation.",environmental science
"Microbial fuel cells (MFCs) have become one of the most promising technologies in the field of ecology and environmental science due to their dual functions of power generation and pollutant removal. However, the generally low power generation performance of MFCs is one of the bottlenecks constraining their development, and numerous studies have focused on the improvement of power generation performance. The majority of previous empirical studies were based on single experimental data, which means there may be large differences in experimental conditions and settings, leading to various or even contradictory conclusions. In this study, we collected a total of 10,826 cases from 186 publications in the China National Knowledge Infrastructure Database to quantitatively and systematically investigate the general patterns and driving factors of power generation performance in MFCs. Our results showed that (1) the power density, voltage, and reaction duration were significantly lower (~25%) in this study, while the coulombic efficiency and ambient temperature were significantly higher (13.4-33.1%) than those reported in other meta-analyses or review papers; (2) reaction chamber volume and cathode surface area were stronger predictors for the majority of power generation performance indices than other device configuration indices, especially cathode chamber volume, which explained >70% of the variances in power density and coulombic efficiency; (3) ambient temperature, external resistance, and reaction duration had greater effects on power generation performance than other reaction conditions; and (4) substrates with pre-treatment, especially with biological treatment, showed 10-40% higher values for the majority of power generation performance indices compared to pre-treatment with physical and chemical methods, and solid substrates showed better power generation performance than liquid and fluid substrates for the majority of indices. Our results suggest that dual-chamber systems, larger cathode surface areas, neutral pH levels, ambient temperatures of 30-35°C, and biological pre-treatment of substrates may be helpful in improving the power generation performance of MFCs.",environmental science
"This paper explores the interdisciplinary field of Planetary Sustainability Science and Technology, integrating environmental science, engineering, and sustainability principles to ensure the long-term viability of human settlements in extraterrestrial environments. The study introduces a novel framework combining Astro-Environmental Engineering, Astro-Soil Science, and Astro-Habitat Engineering, with an emphasis on waste recycling, circular resource recovery. Through this cohesive method, the paper proposed innovative approaches to manage waste debris (as there are >35,750 debris objects with over 640 breaks ups and collision which have been recorded and with 900,000 debris objects larger than 1 cm) waste recycling, resource recovery, habitat sustainability, stressing the need for new educational curricula to prepare the next generation of engineers for space exploration and activities. Moreover, the ethical, technological and legal consideration necessary for sustainable human expansion into space have been addressed. Through a systematic literature, review based on PRISMA framework we retrieve 218 references and data from database such as Scopus, European Space Agency, NASA. Bibliometric analysis was performed using VOS-viewer software defining key themes and trends, generating keywords maps for network visualization using 235 keywords related with space debris and 213 keywords related with space trash indicated that engineering education is hyperconnected with space education, planetary science and space research as well as with circular economy principles. The paper proposed a new curriculum framework based on Bloom's taxonomy to defined learning objectives and outcomes considering modules such as plant physiology, mineral nutrition of plants, space waste as source of nutrients, material flow analysis, extraterrestrial environmental risk, debris collection systems, planetary geology and life support systems, artificial intelligence, human needs and ethics, extraterrestrial water and circular waste management. In addition, highlight and proposed innovative technologies such as advanced recycling systems and in situ resource utilization for water and fuel production as well as promote circular models and sustainable practices.",environmental science
"Heavy metal contamination in aquatic ecosystems poses serious environmental and health risks. In this study, molecular and biochemical responses of",environmental science
"Risk-based sampling is required in the EU for surveillance of residues of pharmacological active substances or their metabolites at slaughter, but which risk factors should be used to increase the probability of detecting these residues? The aim of this scoping review was to identify and evaluate the level of scientific evidence for selected risk factors that may be used to identify residue positive carcasses of pigs and cattle. Scientific articles were retrieved from two databases: Scopus and Agricultural & Environmental Science Collection and further selected by automated and manually screening processes. Selected articles describing a list of predefined potential risk factors was narratively summarized. Based on 10 articles, we found that the level of evidence was moderate for the association between high levels of chronic pleuritis within the herd, and the risk of antibacterial residues in carcasses of pigs, and for an increased risk in the age group sows. The level of evidence was weak for the association between the presence of residues and the potential risk factors ""emergency slaughter of cattle"", and ""accidentally delivery of antibiotic treated pigs"". Potential risk factors not confirmed in this review included: antibiotic consumption level, mortality rate, herd size, type of production system, specific diagnosis in the herd and competent authority remarks. Published evidence on risk factors indicative of the presence of residues in carcasses of pigs and cattle is limited, thus, improved knowledge is needed for implementation of risk-based sampling in surveillance programmes for residues in carcasses of pigs and cattle.",environmental science
"Attention-deficit/hyperactivity disorder (ADHD) is prevalent among contact sports athletes, who may regularly incur repetitive head impacts. This study investigated the effects of acute head impacts on mitochondrial function by analyzing tricarboxylic acid (TCA) cycle metabolites and the potential modulatory role of ADHD. Fifty adult soccer players (ADHD",environmental science
"The melting point (MP) of a chemical is an important physicochemical property that characterizes the transition from a solid to a liquid state. The MP is a key parameter in molecular design and relevant in many fields such as drug design and environmental science. Therefore, an accurate prediction of the MP is of huge interest. Here, we develop two graph convolutional neural network (GNN) models for the prediction of the MP: one where we do not apply a data augmentation strategy and one where we apply a data augmentation strategy. The models were developed on a data set containing 28,645 chemicals, where we removed duplicates and data points labeled as faulty. Then we split the data set into training, validation, and test sets. The model was trained on this initial data set and on a higher curated data set. Based on the data augmentation, we could enlarge the number of neurons in each of the two hidden layers in the GNN and reinforce the representation of large and complex molecules. We compared the influence of the curation step and the data augmentation and found that the curation step had no significant influence on the model performance, while the model could be improved by the application of data augmentation. With a consensus model, we achieved an rmse of 35.4 °C.",environmental science
"Artificial light at night (ALAN) has emerged as a major source of disturbance for organisms by altering their behavior, physiology, and fitness, with consequences for ecosystem functioning. Yet, we still know relatively little about how it affects herbivores and the ecosystem function they provide. By experimentally illuminating not only captive individuals from two slug species but also entire wild communities, we tested whether nocturnal lighting alters circadian activity patterns, fitness parameters, feeding, and moving behaviors and whether this affects herbivory damage. In one of the two illuminated slug species, we found that ALAN reduced its activity at night, juvenile growth, and survival rate. At the community level, feeding activity of slugs was reduced in artificially illuminated sites, and this was related to reduced herbivory. We conclude that ALAN affects the fitness of slugs and disrupts their activity, with consequences for herbivory. This will most likely have indirect consequences for other ecosystem processes.",environmental science
"The social sciences are crucial contributors to environmental research. Collectively, they provide insights on the economic, cultural, political, and psychological dimensions of sustainability challenges. Yet, efforts to mainstream the social sciences in environmental research are missing the diversity of social science scholarship. Here, we contend that the critical and interpretive social sciences -which question and rethink established paradigms and power structures- have an invaluable, yet still underutilized, role. We propose that rethinking the focus, conduct, and goals of environmental research recognizing 10 facts from the critical and interpretive social sciences can help environmental research to better support desired transformative change for the benefit of both people and planet.",environmental science
"Engineering covalent organic frameworks (COFs) into industrializable films with inherent functionalities has remained a major challenge in synthetic chemistry. Here, through developing skeletal azine-pyridine conformation, we present an effectual synthetic frame to convert a family of powdery COFs into self-polymerized COFs films under green and ambient conditions. The active proton tautomerism in our azine-pyridine frame offers a thermochromism, facilitating self-polymerization of large-area COFs films from ca. 10 nm to >30 µm thickness with outstanding chemical stability, industrializable processability, and mechanical strength. More remarkably, our azine-pyridine-based COFs first display various fresh properties, i.e., up to 1913 and 624 mg g",environmental science
"Peptide nanomaterials are a class of materials characterized by high biocompatibility, excellent degradability, and unique biomimetic properties. Moreover, they feature tunable amino acid structures and sequences, allowing flexible design and customization. By appropriately adjusting external factors such as solvents, pH, and temperature, peptide molecules can self-assemble into nanostructures ranging from zero-dimensional to three-dimensional forms driven by non-covalent interactions. Through the modification of functional groups abundant on peptides, these molecules can combine with nanoparticles, drug molecules, 2D materials, and other entities to form hybrid peptide-based nanomaterials with specific functionalities, which hold significant potential for applications in medicine, biotechnology, and environmental science. In this chapter, we provide key information and details for the synthesis of various hybrid peptide-based nanomaterials, which could be useful for readers to understand the design principles and synthesis strategies.",environmental science
"Plastic waste poses a global challenge, driving interest in upcycling strategies to convert waste into value-added products. The interdisciplinary nature of plastic upcycling research-spanning fields such as chemistry, material science, and environmental science-has led to a surge in publications, making it challenging to synthesize key insights. Large language models (LLMs) offer transformative potential for literature analysis, enabling rapid, scalable, and consistent analysis across vast datasets. In this perspective, we evaluated the use of LLMs in 883 research articles about plastic upcycling, demonstrating their efficiency and accuracy in classifying plastics, identifying upcycling pathways, and visualizing trends. LLMs achieved performance comparable to human experts in well-defined tasks while completing analysis in a fraction of the time. We highlight the value of LLM-driven insights for guiding future research and propose a collaborative framework among researchers, publishers, and technology developers to optimize LLM applications. By integrating LLMs into workflows, the scientific community can accelerate innovation in tackling environmental challenges.",environmental science
"Social innovation in waste management has gained momentum as a pivotal approach to address environmental sustainability challenges. RECICLOS, a pioneering project centred on augmenting public awareness and incentivising recycling behaviour, stands as an example of social innovation within the waste management domain. This article investigates the scalability potential of RECICLOS and its implications for widespread adoption and impact. It employs a multi-dimensional analysis to evaluate the scalability of the project, synthesising information from diverse sources, various demographics and geographical locations. The research framework takes on an interdisciplinary lens, integrating insights from sociology, environmental science, technology adoption and policy analysis. The findings underscore the pivotal role of RECICLOS as a scalable model for social innovation in waste management. Crucially, it illuminates key factors contributing to its scalability, including the efficacy of behavioural nudges, the design and implementation of incentivisation mechanisms, technological integration and community engagement strategies. Moreover, this article examines the transferability and adaptability of RECICLOS to different socio-cultural contexts, emphasising the project's potential for global applicability. Insights gleaned from this analysis contribute to a nuanced understanding of how social innovation initiatives like RECICLOS can transcend local boundaries and evolve into scalable solutions with far-reaching impacts on waste management practices. This research serves as a foundational framework for policymakers, environmentalists and practitioners seeking to replicate, expand or adapt similar social innovation initiatives for sustainable waste management on a broader scale.",environmental science
"The United States is one of the largest energy consumers per capita, requiring households to have adequate energy expenditures to keep up with modern demand regardless of financial cost. This paper investigates energy burden, defined as the ratio of household energy expenditures to household income. There is a lack of research on creating equitable policies for energy-burdened communities, including environmental justice indicators and community characteristics that could be used to predict and understand energy burden, along with socioeconomic status, building characteristics, and power outages, beneficial to policymakers, engineers, and advocates. Here, generalized additive models and random forests are explored for energy burden prediction using the original dataset and principal components, followed by a leave-one-column-out (LOCO) analysis to investigate indicator influence, with 25 identical indicators out of 42 appearing in the top 100 models. The generalized additive models generally outperform the random forests, with the best-performing model yielding a coefficient of determination of 0.92.",environmental science
"Despite ongoing negotiations to establish a Global Plastics Treaty aimed at ending plastic pollution, agriculture remains an often-overlooked source of marine litter. While most global assessments emphasize take-out consumer activity and fishing as dominant contributors, these broad analyses may fail to capture regionally relevant sources. Here, we conducted field sampling across coastal and inland transects using a combination of shoreline surveys, dry riverbed inspections, and marine debris collection to quantify and classify plastic waste linked to agricultural activity. Our results show that agricultural plastic debris is prevalent even over 100 km downstream of cultivation hotspots. We identify dry riverbeds in agricultural landscapes as transient reservoirs that trap plastic during dry seasons, releasing large quantities into marine environments during episodic rainfall events. These findings underscore the need for management strategies that incorporate agriculture as a significant source of marine plastic pollution, particularly considering the projected rise in agricultural plastic use.",environmental science
"This study focuses on the estimation of the Emax dose-response model, a widely utilized framework in clinical trials, experiments in pharmacology, agriculture, environmental science, and more. Existing challenges in obtaining maximum likelihood estimates (MLE) for model parameters are often ascribed to computational issues but, in reality, stem from the absence of a MLE. Our contribution provides new understanding and control of all the experimental situations that practitioners might face, guiding them in the estimation process. We derive the exact MLE for a three-point experimental design and identify the two scenarios where the MLE fails to exist. To address these challenges, we propose utilizing Firth's modified score, which we express analytically as a function of the experimental design. Through a simulation study, we demonstrate that the Firth modification yields a finite estimate in one of the problematic scenarios. For the remaining case, we introduce a design-augmentation strategy akin to a hypothesis test.",environmental science
"Amorphous materials are ubiquitous in nature and are widely used for many industrial applications, including catalysis, energy storage, and environmental science. However, significant challenges remain in designing and optimizing amorphous high-entropy materials because of the lack of well-defined structure-activity relationships. Here, we use synthesis systems to discover and optimize amorphous high-entropy oxyhydroxide electrocatalysts within the entire design space for the alkaline oxygen evolution reaction. Amorphous high-entropy electrocatalysts are derived from ultrathin 2D coordination polymers composed of six nonprecious metal elements that were selected from top 16 candidate metal elements involved in oxygen evolution reaction (OER)-related literature searching, which can then be transformed",environmental science
"Artificial light at night (ALAN) is an omnipresent anthropogenic stressor disrupting ecological interactions, potentially driving rapid evolutionary change. However, evidence for genetic adaptation to ALAN remains limited, with ecological responses dominating observed effects. Here, we critically review current evidence for evolution under ALAN and propose that interactions between ecological and evolutionary processes-so-called eco-evolutionary feedbacks-may obscure direct evolutionary signals. We argue for more common-garden experiments to disentangle genetic adaptation from environmentally induced plasticity, for multiple study organisms. Using a conceptual framework of an urban freshwater pond and a key ecological interactor, the water flea",environmental science
"Metal-organic frameworks (MOFs), a porous polymer having organic struts enclosed with clusters of metal ions, have shown an advantageous pathway for environmental remediation. Globally, the increased urbanization and industrialization lead to a lack of resources and the discharge of harmful/toxic chemicals like polyaromatic hydrocarbons (PAHs) into the environment. Advancing an innovative technology for detecting and capturing PAHs is essential for safe, and sustainable living. Subsequently, MOFs can recognize different types of PAHs by modifying/tuning the functional groups. The PAHs will get adsorbed on the surface of the framework by electrostatic interaction, ionic/covalent bonding, and van der Waals force. Additionally, it depends on reaction conditions like concentration, pH, temperature, and moisture content. In this review, we discussed the role of MOFs in the targeted removal of PAHs from food, soil, and water. The underlying mechanism of MOFs in the removal process was also explained in depth.",environmental science
"Self-powered sensing related to triboelectric nanogenerator (TENG) as a sustainable self-sufficient power source for environmental monitoring by harvesting energy from a living environment is critical in the field of energy and environmental science. However, features of small energy-density and irregularity of environmental energy make it difficult to use directly for real-time environmental monitoring. Here, we report a self-powered and self-calibrated environmental monitoring system (SSEMS) composed of TENG, a calibration resistor, and a sensor network in parallel for real-time temperature and humidity monitoring. The calibration resistor can monitor in real time the irregular output of TENG from the irregularity of rainfalls. SSEMS uses this calibrating signal to calibrate the sensing signal in real time, achieving accurate sensing with an error margin less than 5.0%. We applied SSEMS under waterfalls and rainfalls to monitor in real time the environmental temperature and relative humidity with a sensing error as low as 1.0%. This work promotes self-powering technology one step further to practical applications.",environmental science
"The use of plastics in buildings and infrastructure has been steadily increasing in the past. Due to the longevity of building components, in the upcoming decades a dramatical growth in waste quantities is expected as a delayed response to the increased consumption, posing a major challenge for waste management and recycling. However, comprehensive high-resolution data on plastic flows in the building and infrastructure sector in Germany have so far not been available. This dataset addresses this gap by presenting simulated data on historical (1950-2023) plastic flows and stocks in the German building and infrastructure sector including their contamination with selected legacy substances based on a dynamic material flow analysis. The focus is on major plastic applications in buildings and infrastructure, namely profiles, flooring, pipes, insulation material, cable insulation, and films. Input data for the dynamic material flow model were compiled from various sources, including scientific literature, reports, statistics, databases, and personal communication with industry stakeholders. The linked data repository contains simulated data, input data, and model files, enabling model reproduction, adjustment, or expansion. This dataset forms a basis for quantitatively assessing current and future plastic cycles in buildings and infrastructure and potential challenges for recycling arising through legacy contamination. The dataset can be reused in different contexts as it bridges various disciplines such as environmental science, industrial ecology, material science, construction engineering, and toxicology, providing valuable insights for research in sustainability, waste management, and pollution mitigation.",environmental science
"Spatial heterogeneity is of great importance in social, economic, and environmental science studies. The spatially varying coefficient model is a popular and effective spatial regression technique to address spatial heterogeneity. However, accounting for heterogeneity comes at the cost of reducing model parsimony. To balance flexibility and parsimony, this article develops a class of generalized partially linear spatially varying coefficient models which allow the inclusion of both constant and spatially varying effects of covariates. Another significant challenge in many applications comes from the enormous size of the spatial datasets collected from modern technologies. To tackle this challenge, we design a novel distributed heterogeneity learning (DHL) method based on bivariate spline smoothing over a triangulation of the domain. The proposed DHL algorithm has a simple, scalable, and communication-efficient implementation scheme that can almost achieve linear speedup. In addition, this article provides rigorous theoretical support for the DHL framework. We prove that the DHL constant coefficient estimators are asymptotic normal and the DHL spline estimators reach the same convergence rate as the global spline estimators obtained using the entire dataset. The proposed DHL method is evaluated through extensive simulation studies and analyses of U.S. loan application data.",environmental science
"This systematic review evaluated the association between lower respiratory tract infections (LRTI) in infancy with respiratory syncytial virus (RSV), rhinovirus (RV) or infestation with helminths and the risk of developing asthma and allergic diseases. The risk of bias was assessed with ROBINS-E, and the certainty of evidence (CoE) with GRADE. Meta-analysis applied a random-effects model. RSV LRTI is likely associated with an increased risk of developing asthma by age 7 (OR 3.02, 95% CI 2.23-4.09; I",environmental science
"Lipids, such as aliphatics, phenolics, and carboxylic acids, are key biomarkers for analyzing peat composition, decomposition, and microbial activity. This study provides a comparative analysis of lipid biomarkers from natural, extracted, degraded, and restored bog sites in Germany, Poland, and Austria. We investigate samples from various depths, assessing how effectively these biomarkers reflect environmental conditions and restoration success. The aliphatic hydrocarbon fractions showed the site specific pattern in",environmental science
"Although copper ions (Cu In this study, a novel hydrazide-based DHBC capable of sequentially detecting Cu The high accuracy of DHBC in environmental pollution monitoring and its stable performance in biological modeling make it an important tool for assessing the impact of pollutants on ecosystems and human health. In addition, the wide applicability and real-time imaging capability of DHBC provide reliable technical support for environmental science, toxicology, and health risk assessment and have important prospects for scientific research and practical applications.",environmental science
"Global marine microplastics and pollution radionuclides have emerged as significant research focal points in the field of environmental science, with their potential ecological risks and health threats being complex and far-reaching. Meanwhile, in recent years, the discharge of radioactive nuclear wastewater has also attracted global attention. Microplastics can facilitate the transregional migration and diffusion of radionuclides, while radionuclides can exacerbate the toxic effects of microplastics on living organisms. The combined threat posed by microplastics-radionuclide complexes (MRC) to both ecosystems and human health is compounded. The potential impact of MRC contamination is multi-dimensional, long-term, and global in scope. MRCs can spread to global oceans through ocean currents and may evaporate into the atmospheric circulation, forming radioactive rainfall and polluting terrestrial water sources and soil. The infiltration of groundwater systems further expands the scope of pollution and threatens terrestrial ecosystems. In addition, the potential impacts of wastewater with MRCs have multidimensional, long-term, and global characteristics, involving complex issues such as ecological chain collapse, health risk escalation, and economic cost surges. This paper discusses the current contamination status of MRC, elucidates the adsorption processes, mechanisms, and toxic effects associated with MRC, and critically highlights the knowledge gaps and challenges in MRC research. A comprehensive understanding of the environmental behavior and potential threats posed by MRC is essential for developing effective identification and removal techniques.",environmental science
"Parental perceptions of the neighbourhood environment can be of particular importance for physical activity of children and adolescents, because parents act as the gatekeepers of their children's behaviour. However, knowledge gaps remain regarding the associations between parental perceptions of neighbourhood environment and physical activity among children and adolescents. Therefore, the aim of this study was to systematically review and summarise evidence on the association between parental perceptions of the neighbourhood environment and physical activity among children and adolescents (5 - 17 years of age). Literature searches were conducted in: CINAHL, Embase, Environmental Science, MEDLINE/PubMed, PsycInfo, Scopus, SPORTDiscus, Transportation Research Information Services, and Web of Science. The associations were coded as: mostly favourable (for 60% - 100% of studies showing a positive association); mostly unfavourable (for 60% - 100% of studies showing a negative association); and mostly non-significant, indeterminate, or inconsistent. Out of 30,162 records identified in the search, 162 papers from 149 studies were included in the review. The most consistent finding was that a greater distance to school is unfavourably associated with active travel. Evidence of this association was found in children (5/7 associations; pooled sample size in the studies showing significant association [n] = 14,113), adolescents (3/4; n = 2328), and mixed-age group (8/13; n = 5410). There was some consistency in evidence on favourable associations of: (1) access to public transport, good street lighting, and presence of crossing guards with active travel among children; (2) access to sports and recreational facilities, parks and/or playgrounds with sports participation among children; and (3) access to sports and recreational facilities, parks, and/or playgrounds with non-type-specific physical activity among adolescents. Several associations were found in individual studies only, while others were mostly non-significant, indeterminate, or inconsistent. The quality of evidence ranged from very low to low. Parental perceptions of traffic safety and access to destinations and services are associated with different types of physical activity among children and adolescents. There is a need for longitudinal and experimental studies, more research among adolescents, more studies from low- and middle-income countries, and exploring a wider range of neighbourhood environment attributes.",environmental science
"Discharge plasma is gaining increasing attention in environmental science due to its advanced oxidative properties. While discharge plasma is capable of degrading most of the pollutants in contaminated water, it is not effective in degrading the accompanying microplastics (MPs). Notably, residual MPs in plasma-treated water may become carriers of other pollutants in the environment. The adsorption and co-transport behaviors of two MPs with Cd(II), before and after Dielectric Barrier Discharge (DBD) plasma treatment, were examined via batch and column experiments. The results showed that plasma-treated MPs exhibited significantly enhanced adsorption capacity for Cd(II), attributed to grafted polar functional groups on their surfaces. Density Functional Theory (DFT) calculations revealed that the enhancement resulted from reduced steric hindrance, along with stronger hydrogen bonding and van der Waals interactions. Co-transport experiments revealed that plasma treatment significantly promoted the carrier role of MPs in facilitating Cd(II) transport. Specifically, plasma-treated MPs mitigated Cd(II) deposition at the column base under favorable conditions for transport. Derjaguin-Landau-Verwey-Overbeek (DLVO) theory provided a satisfactory explanation for the observed transport behaviors of plasma-treated MPs and Cd(II). These findings highlight the potential environmental risks posed by plasma-treated MPs as carriers of Cd(II) and the need for further studies on their long-term ecological impacts.",environmental science
"Paper and board represent 10%-39% of the total municipal solid waste generated. In order to address the European Commission (EC) recycling targets, this study aimed to develop flexible Surface-enhanced Raman Scattering (SERS) recycled-paper-based substrates tested by using a new eco-friendly and nontoxic molecule probe. This study reports for the first time the implementation of the microbial dye violacein, obtained by",environmental science
"Mpox has been declared a global health emergency twice by the World Health Organization due to its impacts within and beyond Africa. Enzootic in Central and West African wildlife, mpox outbreaks have resulted from zoonotic spillover, with recent events revealing increased human-to-human transmission. Factors like population growth and environmental disruption, alongside reduced smallpox immunity, increase emergence risk. In addition, the emergence in South Kivu of a distinct subclade of mpox virus points at a currently understudied aspect of mpox virus lineages and their dynamics in reservoir hosts. A One Health approach-integrating human, animal, and environmental science-is essential for reducing the risk of mpox emergence. This approach should encompass ecological studies to understand putative reservoir population dynamics and the potential for interventions, reducing activities that increase human-animal contacts, respectful community engagement to reduce spillover risk from cultural practices (such as hunting multiple species of wildlife for consumption), and socially acceptable and equitable access to medical and non-medical countermeasures to prevent or control ongoing human-to-human transmission. Politically supported collaborative efforts across disciplines with involvement of stakeholders are critical to promote and strengthen socially and environmentally sustainable practices to mitigate future outbreaks.",environmental science
The overuse of antibiotics poses critical threats to environmental and human health. This study developed a constructed wetland-microbial fuel cell (CW-MFC) system integrated with pre-acclimated,environmental science
"Despite strict government controls on pollutant discharges, heavy metal (HM) levels in China's surface waters remain elevated above background values. Accurate source identification of HM pollution is essential for effective environmental management and public health protection. This study collected and analyzed water samples from the southwestern North China Plain to assess HM contamination levels, sources, and health risks, employing the absolute principal component score-multiple linear regression (APCS-MLR) model for robust source apportionment and quantification of pollution source contributions. Surface water HMs remained at ""clean"" levels but exceeded background values by 1-50 times. Source apportionment identified three primary sources: livestock/poultry (48.3%) > industrial (31.6%) > hybrid sources (20.1%), demonstrating a transition from point to non-point source (NPS) dominance. Monte Carlo simulation revealed serious carcinogenic risks for 1.1% of children and 19.5% of adults. These findings highlight evolving HM pollution patterns in China's agricultural regions, offering important implications for developing nations.",environmental science
"This study aims to design a sustainable system for the extraction of stone materials in the Upano River Special Management Zone, incorporating technical, environmental, and social criteria to minimize impacts on a sensitive ecosystem. The exploitation of natural resources, especially in sensitive ecosystems such as river systems, must be approached with a comprehensive and multidisciplinary perspective. This theoretical framework integrates principles from environmental science, sustainable development, resource management, and community engagement to design a system that minimizes environmental degradation while promoting socio-economic benefits. The methodology involved characterizing the riverbed, identifying alluvial deposits, and assessing the natural replenishment capacity of the river. The results showed that the deposits were composed mainly of blocks, gravels (74%), sands (20%), and fines (6%), all exhibiting high mechanical quality for construction. The natural replenishment rates were estimated at 76,101 m3 every six months for zone A (upstream) and 38,867 m3 for zone B (downstream), with daily replenishment rates of 422.79 m3 and 215.89 m3, respectively. Based on these data, sustainable extraction rates were determined to align with the river's natural dynamics. Environmental mitigation strategies included sediment barriers, continuous water quality monitoring, and reforestation with native species. Additionally, topographic and bathymetric technologies were employed to delimit extraction areas, minimizing alterations to the riverbed.",environmental science
"Salinization and drought pose significant challenges to agriculture in coastal regions, yet their combined impact on crop production and weed proliferation remains understudied. This study investigated the influence of salinity caused by extreme droughts on agricultural ecosystems in the Po River Delta (Italy), using remote sensing techniques and soil measurement, focusing on crop health and weed resilience. Our findings reveal that prolonged drought conditions are exacerbated by saline water intrusion and elevated soil salinity levels, particularly in fields closer to the coast. While crops, notably soybeans, exhibited susceptibility to salinity stress, weeds displayed remarkable resilience, thriving in adverse conditions and outcompeting crops. Notably, weed populations showed increased density and adaptability, even in areas of high salinity and drought. These findings underscore the urgent need for comprehensive strategies to mitigate the impact of salinity and drought on crop productivity and manage weed infestations in coastal agricultural areas.",environmental science
"Nitrite reductases (NiRs) are natural enzymes that facilitate the reduction of nitrite. They are essential for the microbial nitrogen cycle and play a vital role in regulating numerous physiological and pathological processes associated with nitric oxide (NO) in living organisms. By the merits of protein engineering, a variety of artificial NiR mimics have been developed. These include traditional artificial proteins, metal-azacycle complexes, and nanozymes such as metal, metal oxide/sulfide nanoparticles, metal-organic frameworks, bioinorganic nanohybrids, and advanced single-atom nanozymes. This development marks an important milestone in broadening the application of enzyme-like catalytic nitrite reduction across various fields, such as biomedicine, biosensing, food science, and environmental science. In this review, we first outline the different types of NiRs, along with their active center structures and catalytic mechanisms, drawing from recent research and discoveries. We then classify the reported NiR mimic materials, discussing their active center structures and enzyme-like catalytic mechanisms. Additionally, we explore the potential future applications and challenges facing NiR mimics in the field of biomedicine.",environmental science
"As an essential trace element in the human body, fluoride is beneficial in appropriate amounts, but excessive intake can cause serious harm. Therefore, addressing the global water pollution caused by fluoride is an urgent issue. In this study, a functional composite membrane is successfully prepared using",environmental science
"Zinc oxide nanoparticles (ZnO NPs) have garnered significant attention across various scientific and technological domains due to their unique physicochemical properties, including high surface area, photostability, biocompatibility, and potent antimicrobial activity. These attributes make ZnO NPs highly versatile, enabling their application in biomedicine, environmental science, industry, and agriculture. They serve as effective antimicrobial agents in medical treatments and as catalysts in environmental purification processes, owing to their ability to generate reactive oxygen species (ROS) and exhibit photocatalytic activity under UV light. Moreover, ZnO NPs are being increasingly employed in advanced drug delivery systems and cancer therapies, highlighting their potential in modern medicine. Their growing popularity is further supported by their ease of synthesis, cost-effectiveness, and capacity for diverse functionalization, which expand their utility across multiple sectors. This review focuses on research from the past five years (2020-2025) on the practical uses of ZnO nanoparticles in the biomedical, environmental, industrial, and agricultural fields. It also highlights current trends, existing challenges, and future perspectives. By examining these aspects, the article provides a comprehensive understanding of the versatile roles of ZnO NPs and their emerging significance in science and technology.",environmental science
"Premature chromosome condensation (PCC) is a pivotal phenomenon in cell biology, where interphase chromatin undergoes early condensation, typically due to fusion with mitotic cells. This process, first observed in 1968 in viral-infected cells, led to the discovery of the mitosis-promoting factor (MPF), crucial for cell cycle regulation. PCC provides profound insights into chromosomal structure and cell cycle dynamics, with applications spanning radiation biology, oncology, and environmental science. It enables the assessment of chromosomal damage from ionizing radiation, aids in understanding cancer cell cycles, and evaluates genotoxic effects of environmental contaminants. Induced through chemical agents like Calyculin A or okadaic acid, PCC remains an essential tool in cytogenetic research, facilitating advancements in our understanding of chromosomal behavior and cell cycle regulation.",environmental science
"Aqueous solutions of nanoparticles are the cornerstones for applications in diagnostics, catalysis and more, where control over the nanoparticle's dispersion is pivotal to tailoring the final product properties. Of late, halide perovskite nanocrystals (HPNCs) with outstanding optoelectronic properties emerge as a class of semiconductor nanocrystals distinct from the incumbents. However, HPNCs are particularly susceptible to moisture induced degradation, limiting their utility and regulation in aqueous environments. Here, this hurdle is overcome to realize stable, mono-disperse, highly emissive HPNCs in aqueous environments even under ultra-dilute conditions. These colloidal HPNCs are synthesized via a facile room-temperature structural transformation-induced in situ core-shell self-assembly mechanism in contrast to the widely used pre-core-shell approach. The green HPNCs exhibit >80% photoluminescence quantum yield (PLQY) with excellent water dispersion stability (i.e., zeta potential >80 mV) even after >10,000 h in water. Unprecedented aqueous solution phase single-photon emission with g",environmental science
"Over 70% of organic halogens, representing chlorine- and bromine-containing disinfection byproducts (Cl-/Br-DBPs), remain unidentified after 50 years of research. This work introduces a streamlined and cloud-based exposomics workflow that integrates high-resolution mass spectrometry (HRMS) analysis, multistage machine learning, and cloud computing for efficient analysis and characterization of Cl-/Br-DBPs. In particular, the multistage machine learning structure employs progressively different heavy isotopic peaks at each layer and capture the distinct isotopic characteristics of nonhalogenated compounds and Cl-/Br-compounds at different halogenation levels. This innovative approach enables the recognition of 22 types of Cl-/Br-compounds with up to 6 Br and 8 Cl atoms. To address the data imbalance among different classes, particularly the limited number of heavily chlorinated and brominated compounds, data perturbation is performed to generate hypothetical/synthetic molecular formulas containing multiple Cl and Br atoms, facilitating data augmentation. To further benefit the environmental chemistry community with limited computational experience and hardware access, above innovations are incorporated into HalogenFinder (http://www.halogenfinder.com/), a user-friendly, web-based platform for Cl-/Br-compound characterization, with statistical analysis support via MetaboAnalyst. In the benchmarking, HalogenFinder outperformed two established tools, achieving a higher recognition rate for 277 authentic Cl-/Br-compounds and uniquely identifying the number of Cl/Br atoms. In laboratory tests of DBP mixtures, it identified 72 Cl-/Br-DBPs with proposed structures, of which eight were confirmed with chemical standards. A retrospective analysis of 2022 finished water HRMS data revealed insightful temporal trends in Cl-DBP features. These results demonstrate HalogenFinder's effectiveness in advancing Cl-/Br-compound identification for environmental science and exposomics.",environmental science
"This study investigates soil microbial community dynamics in high-altitude wetlands on the Qinghai-Tibet Plateau under drought conditions. It compares the composition, structure, and assembly mechanisms of microbial communities in water-rich and water-deficient wetlands. The results show that while α diversity remains stable after aridification, the community undergoes significant phylum reorganization. Aridification leads to increased sensitivity in the β diversity of archaea and bacteria to environmental and geographic factors, while fungal β diversity remains unchanged. Co-occurrence network analysis reveals a more complex and denser microbial network in aridified wetlands. Hub microbial groups are found only in bacteria and fungi, and their richness decreases after aridification. The study suggests a shift from a neutral to a partially deterministic assembly process, marked by reduced dispersal limitations and stronger heterogeneous selections. These findings contribute to understanding microbial community evolution in response to global environmental changes.",environmental science
Biological and environmental samples are complex and contain a highly diverse range of compounds. Analyzing these samples by chromatography-high-resolution mass spectrometry generates a substantial volume of mass-spectrometry data that are composed of mass-to-charge-ratio （ 生物样品和环境样品中化合物种类繁多、成分复杂，使用色谱-高分辨质谱对样品进行分析后会产生大量由质荷比（mass-to-charge ratios，,environmental science
"The biodegradation of spent oil waste (SOW) using bacteria and fungi has been actively researched over the years. Only recently has the use of microalgae for the treatment of SOW attracted significant attention. This review aims to highlight the biodegradative capabilities of microalgae as well as provide a comprehensive bibliometric analysis to assess current research activities and trends in microalgae-based biodegradation of SOW. The bibliographic data exported from Dimensions database was analyzed using VOSviewer, focusing on various aspects such as document types, publications, subject categories, sources, countries, authors, organizations, and cited articles. The results obtained showed a remarkable increase (80.23%) in the number of article publications from 2005 to 2023 in this field of research. China (887 publications), Environmental Science (3571 publications), Bioresource Technology (249 publications) and Harbin Institute of Technology (72 publications), were the most productive country, subject category, journal, and organization, respectively, publishing articles in this field of research. The review also discussed SOW hydrocarbons ranging from alkanes, aromatic compounds to polychlorinated compounds and the mechanism of degradation of these compounds by microalgae. Overall, the review provided useful insight on microalgae SOW degradation, current research direction and the prospect of using microalgae in environmental remediation and sustainability.",environmental science
"Loofah-derived biomass sponges, as a natural, porous, and environmentally friendly material, demonstrate significant potential in the field of water environmental remediation due to their unique three-dimensional interconnected multi-channel structure and superior mechanical properties. The inherent structure of loofah sponges endows them with excellent mechanical strength, hydrophilicity, ion transport capacity, sound absorption properties, adsorption performance, and antibacterial activity. Physical, chemical, and biological modification methods can substantially enhance their adsorption capabilities and mechanical strength. This review provides a comprehensive overview of the latest research on loofah sponges, systematically discussing their structural characteristics, performance, and functional modification techniques. Furthermore, it explores the forefront applications of loofah sponges in environmental science, including oil-water separation, heavy metal removal, dye removal, drug removal, bacterial removal, and desalination. Finally, the sustainability of loofah sponges is highlighted through sustainability footprint assessment, emphasizing their ecological friendliness and potential for sustainable development. The review also offers insights into optimizing large-scale production to support future applications in water environmental remediation.",environmental science
"Insects, with their vast biodiversity and essential ecological roles, are crucial to agriculture, textile production, and environmental stability. As pollinators, decomposers, and bioindicators, they support ecosystem functions and human industries. Their short generation time, high reproductive rates, and genetic adaptability make them valuable models for studying human diseases like cancer. However, contaminants pose significant threats to industrially important insects, impacting ecosystems and industries alike. Excessive pesticide use disrupts ecological balance, contributing to the global decline of insect populations. Understanding how contaminants affect insect physiology is critical for assessing their broader implications on agriculture, food security, and biodiversity. This interdisciplinary review integrates entomology, genetics, and environmental science to explore these impacts. Additionally, it examines the potential of genetic interventions to mitigate contaminant-induced harm, ensuring the sustainability of insect-mediated services. To safeguard these vital species, a comprehensive approach that integrates conservation and sustainable utilization strategies is essential.",environmental science
"Socio-oceanography is an emerging field which mobilises insights from natural and social sciences to explore the inter-connectedness of societal relationships with the ocean and to adopt a holistic approach to solving key oceanographic and societal challenges. It is within this specific context that we explore and reflect upon diverse communities in relation to engaging with plastic pollution in the ocean, one of the foremost socio-environmental challenges of our time. We establish definitions of 'community', arguing that communities are not 'out there' waiting to be engaged with but are dynamic and (re)constituted in four key contexts - geographical, practical, virtual, and circumstantial. We outline some 'rules of engagement' and draw upon several international case studies in the context of plastic pollution to evidence and emphasise the value of working with members of diverse communities to better address socio-oceanographic challenges. In the context of plastic pollution, communities have a vital role to play in terms of co-creating knowledge, lived experience, diverse expertise, and agency to bring about social change. Given the ubiquity of plastics in our day-to-day lives, and subsequently as an environmental pollutant, no community is unaffected by this issue. Relating to socio-oceanography, we argue that structural power imbalances in terms of how diverse communities and natural scientists are traditionally positioned within academic research mean that 'formal' scientific knowledge is frequently privileged, and members of communities risk being positioned as 'empty vessels'. Moving away from this 'deficit' model where knowledge is simply",environmental science
"Over the past century, ecology has evolved from classical or fundamental ecological studies into a new stage of ecosystem ecology or ecosystem science. This evolution has laid the theoretical groundwork for large-scale and global ecological research, fostering an integration of biology, geography, and environmental science, and promoting interdisciplinary collaboration between natural sciences, humanities, and socio-economics. Throughout the process of integration, ecology has absorbed concepts from other disciplines to form a unique scientific knowledge and concept system framework. However, for certain concepts originating from other disciplines, such as ""dimension"" and ""scale"", their application and role in ecological research remain inadequately defined and understood. We systematically reviewed the origins and definitions of concepts such as ""dimension"", ""scale"" and ""coordinate"", and discussed their ecological implications in macroecosystem science. Furthermore, we explored ecosystem functions and processes across multiple disciplinary dimensions, and defined the cognitive and measurement scales of macroecosystems in terms of time, space, and organization. Based on this analysis, we integrated traditional coordinate systems to develop a multi-dimensional coordinate framework for ecosystem science, aiming to provide a multi-dimensional conceptual framework for the construction of the theoretical system of ecosystem science. 经过百余年的发展,生态学从经典生态学或者基础生态学研究扩展到了生态系统生态学或者生态系统科学的新阶段,奠定了大尺度及全球生态环境科学研究的理论基础,促进了生物学、地理学及环境科学研究的大融合,推动了自然科学、人文科学和社会经济学的学科交叉。在这一学科大融合的历史进程中,生态学不断地吸收其他学科的知识和技术,创造了本学科特有的科学知识及概念体系。然而,在多时空尺度的生态学研究中,如何准确应用这些源自其他学科的科学术语,并在扩展应用过程中赋予新质而严格的科学涵义,还缺乏深度考究及明确的生态学定义。我们系统地梳理了“维度”“尺度”“坐标”等自然科学术语的起源及原始定义,讨论了它们在宏观生态系统科学研究中的生态学涵义,进而基于多学科维度的生态系统功能与过程认知,探讨了宏观生态系统科学的认知尺度和测度尺度问题,提出了一个可以应用于宏观生态系统科学研究的多维坐标系体系,期望能够为生态系统科学的理论体系构建提供多维度概念框架。.",environmental science
"Silver nanoparticles (AgNPs) have garnered significant attention due to their diverse applications in nanotechnology, biomedicine, and environmental science. This study explores the biogenic synthesis of AgNPs utilizing various agro-industrial wastes by Bacillus subtilis AMD2024 as a sustainable and eco-friendly alternative to conventional chemical synthesis methods. We evaluated a range of agro-industrial by-products, including blackstrap sugarcane molasses, sugar beet waste, and arish cheese whey, for their potential in AgNPs production. Comprehensive characterization techniques-such as X-ray diffraction (XRD), atomic absorption spectroscopy (AAS), dynamic light scattering (DLS), UV-visible spectroscopy, high-resolution scanning electron microscopy (HR-SEM), zeta potential analysis, and Fourier transform infrared spectroscopy (FTIR)-were employed to assess the properties of the synthesized nanoparticles. The DLS and UV-visible study findings were obtained at a particle size of 15.63 nm and a surface plasmon resonance (SPR) of 0.593 at 450 nm, respectively. The time course showed the maximum concentration of AgNPs after 48 h at 1.535 mg/L. The preliminary findings suggest that the size of the synthesized AgNPs was effectively reduced to as low as 4.849 nm when using blackstrap sugarcane molasses. The cytotoxicity assessment revealed a half-maximum inhibitory concentration (IC",environmental science
"Chitosan (CS) based interpenetrating polymer network (IPN) is formed by cross-linking of CS with another polymer. It exhibits the ability of detecting environmental pollutants. In this work, the cross-linked CS was used as the network skeleton, the RAFT agent could produce an interpenetrating network with CS during the polymerization process, thereby forming a fluorescent hydrogel-type IPN (CS-Cy-PMAm and CS-Cy-PHD). The basic properties of CS-based hydrogels were analyzed by NMR, MS, FT-IR, SEM, TEM, AFM, and so on. This hydrogel prepared by in-situ synthesis technology not only has excellent film-forming properties but also EGME and toluene solvent molecules can significantly enhance the fluorescence of the hydrogel by infiltrating or squeezing the CS network. Due to the chelation of CN, CO, and thioester bonds with Hg",environmental science
"KH560-modified electrolytic manganese slag (EMS)-based cementitious material (EP-K) was successfully prepared in this study through aqueous solution polymerization for use in deep grouting to repair leaking landfills. EP-K with 3 vol % KH560 exhibits higher compressive strength (125.14% higher) and lower permeability (61.29% lower) than before modification. The concentration of contaminants leached in deionized water meets safety standards. Fourier transform infrared (FTIR) and scanning electron microscope (SEM) analyses showed that the epoxy groups in KH560 reacted with the -OH groups of sodium polyacrylate to form a C-O-C structure, which enhanced the densification of the cementitious network. Also, the siloxy groups reacted with EMS to form a Si-O-Si linkage, which reduced holes and cracks. The integrated pollution indicator evaluation method was combined with the weight assignment technique to enhance evaluation efficiency and accuracy, advancing research on the performance and environmental impact of cementitious impermeable materials in solid waste landfills.",environmental science
"In recent years, bacterial cellulose (BC), a crystalline and nanoscale fibrillar polymer, has garnered significant interest due to its superior physical, chemical, and mechanical properties compared to plant cellulose. Inherent features of BC, which include high biodegradability, mechanical strength, and biocompatibility, make it a suitable material for use in a wide variety of applications, particularly in the domains of biomedicine and environmental science. However, realizing its full potential requires targeted chemical or physical modifications. Recent developments have focused on in-situ and ex-situ BC modification for various applications. Incorporating functional compounds into cellulose during BC synthesis enhances its strength and functional properties. Additionally, the material properties of BC, such as water content, thermal stability, and antibacterial capabilities, can be enhanced through post-synthesis modifications, including chemical acetylation, phosphorylation, and integration with other biopolymers. Currently, the applicability of BC is being improved using new modification techniques, which involve genetically engineered strains to enhance polymer characteristics and market potential. The review highlights recent advancements in BC research and novel modification strategies that enhance its applications in advanced biomedical engineering and sustainable packaging.",environmental science
"With households accounting for 75% of global carbon emission, we need to find ways to motivate people to increase their climate change mitigating behaviors. Affective reactions have been linked to pro-environmental behaviors (PEBs), but it is unclear if positive (warm glow or hope) or negative (worry or hopelessness) is more impactful in motivating action. In this pre-registered study we used a unique longitudinal dataset from a Swedish sample to reveal that positive affect predicts more engagement in PEBs, and negative affect predicts less engagement in PEBs. A mediation model also suggests that anticipated (i.e., expected feelings of) positive affect is related to past pro-environmental engagement and could partly predict future PEBs. Hence, affective reactions may be one way to increase intrinsic motivation for a more sustainable lifestyle.",environmental science
"Ground-level ozone pollution has emerged as a primary environmental challenge in China. An accurate and high-resolution analysis of ground-level ozone concentrations is crucial for effectively mitigating pollution and achieving sustainability goals. However, previous studies had inherent limitations in fulfilling this requirement from both data and method perspectives. Additionally, comprehensive analyses of spatiotemporal evolution and factors influencing ozone pollution are scant, particularly those based on accurate pollution delineation. This study introduces a Geographically and Temporally Weighted Regression-Kriging (GTWR-Kriging) model to address spatial and temporal non-stationarity and thus enhance model prediction performance. Model validation and comparison demonstrate that the GTWR-Kriging model approaches the estimation accuracy of general machine learning models while surpassing traditional linear models. Importantly, it maintains strong interpretability regarding factors influencing ozone pollution. This study identifies that CO",environmental science
"The construction of novel materials with multiple functions for water treatment has received wide attention in the field of environmental science. Herein, a dual-functional polymer (DFP) was prepared through the etherification reaction of starch with isopropyl glycidyl ether and 2-chloro-4-dimethylamine-6-diethylamine-[1,3,5]-triazine. DFP exhibited controlled thermo-irreversible on/off properties, and the changes in water solubility could be observed in response to slight stimuli from the external environment. This made DFP a promising candidate for the treatment of dye wastewater through flocculation or extraction. The results showed that the maximum dye uptake capacity and the decoloration efficiency reached 976 mg/g and 97.2 %, respectively, under the optimal flocculation conditions. Moreover, the extraction rate was 94.5 % under the optimal extraction conditions. Excitingly, the heat-triggered flocculation-to-extraction behavior of DFP could be realized with a coupled system, which then minimized the drawbacks of a single unit. In this coupled system, the extraction mechanism changed from chemical extraction to physical extraction, which avoided unnecessary loss of decolorization rate. Furthermore, the recycling and reuse of waste resources could be achieved through stripping and the next round of direct dye baths. Therefore, this work provided a new methodology for the development of novel pollutant removal systems with dual-functional materials, achieving the reuse of waste resources and improving the quality of treated water.",environmental science
"Ecological momentary assessment (EMA) is a widely used methodology in psychological sciences; however, more broadly, environmental scientists have yet to fully capitalize on the benefits this method offers for gaining a critical understanding of subjective and behavioral responses to environmental factors. EMA enables the collection of experiences and actions occurring in one's natural environment as they unfold over time, allowing researchers to gain contextually informed, dynamic, and longitudinal insights. EMA can provide an accurate understanding of experiences and behaviors relevant to environmental science. To share this perspective, first, we describe current limitations in environmental research that could be addressed through the integration of EMA. Second, we discuss several benefits of adopting EMA in environmental sciences. Finally, we highlight the challenges and considerations involved in integrating EMA. The overarching implication of this work is to foster the interdisciplinary potential and promise of EMA methodology in advancing environmental science research.",environmental science
"The identification of components in mixed spectra is a fundamental challenge in spectral analysis, complicated by factors such as spectral peak overlap due to structural similarities, shifts in characteristic peaks from molecular interactions, and interferences caused by matrix effects. While deep learning offers robust feature extraction capabilities and notable advantages in addressing these challenges, it still faces significant obstacles, including the limited availability of labeled spectral data for effective training and the difficulty of applying fixed-threshold predictive models to spectra containing uncertain components. This paper established a deep learning model, SpecRecFormer, for the rapid identification of individual components in mixed polycyclic aromatic hydrocarbons (PAHs) based on their Raman spectra. The model integrates a dual-channel convolutional neural network (CNN) for local feature extraction with a Transformer module for global representation. It is trained on a reference database composed of single-component spectra, with simulated mixed spectra generated through data augmentation to expand and diversify the training set. This architecture enables the model to evaluate the similarity between unknown mixed spectra and known single-component references. To further enhance recognition accuracy, an adaptive threshold strategy is introduced, dynamically adjusting decision thresholds based on spectral characteristics to retain only components exceeding the threshold as candidate predictions. Experimental results demonstrate that with training data derived from only four single-component reference spectra, the model generalizes effectively to three real-world PAH data sets, achieving accuracies of 93.75%, 89.21%, and 93.63%, respectively, significantly outperforming conventional neural network models. These findings present an innovative and highly effective approach to mixed spectral analysis, with substantial potential for advancing applications in environmental science and chemical analysis.",environmental science
"Mercury contamination in groundwater seriously affects human health and ecosystem security. The remediation of Hg-contaminated groundwater remains a challenging task. The applicability of an as-synthesized supramolecular polymer (SP) for low-concentration mercury in a high-salinity groundwater matrix has been verified through a batch process and column test. The remediation of mercury-contaminated groundwater, particularly in complex high-salinity environments, represents a significant and enduring challenge in environmental science. The batch test study demonstrated that the SP can efficiently adsorb Hg from groundwater with superior selectivity and a high uptake capacity (up to 926.1 ± 165.3 mg g",environmental science
"As a ubiquitous substance in nature, ice has attracted substantial research interest across a variety of fields, including physics, environmental science, biology, and cryopreservation. However, the intricate structural transformations within ice remain elusive owing to the stringent experimental constraints. Herein, the detailed evolution of ice nanopores, including expansion and healing, is investigated using advanced cryo-electron microscopy combined with low-dose techniques, and the underlying mechanisms are revealed through surface-free energy analysis. Three pivotal factors are identified as driving the evolution mechanism of ice nanopores: the nanopore geometry and dimensions and the thickness of the ice film. This research not only provides novel insights into the dynamic structural evolution of ice at the molecular scale but also paves the way for a deeper understanding of the fundamental properties and behaviors of ice. Moreover, the healing mechanism of the nanopores is anticipated to be utilized in ice manipulation and nanofabrication.",environmental science
"Small, forested catchments are prototypes of terrestrial ecosystems and have been studied in several disciplines of environmental science over several decades. Time series of water and matter fluxes and nutrient concentrations from these systems exhibit a bewildering diversity of spatiotemporal patterns, indicating the intricate nature of processes acting on a large range of time scales. Nonlinear dynamics is an obvious framework to investigate catchment time series. We analyzed selected long-term data from three headwater catchments in the Bramke valley, Harz mountains, Lower Saxony in Germany at common biweekly resolution for the period 1991 to 2023. For every time series, we performed gap filling, detrending, and removal of the annual cycle using singular system analysis (SSA), and then calculated metrics based on ordinal pattern statistics: the permutation entropy, permutation complexity, and Fisher information, as well as their generalized versions (q-entropy and α-entropy). Further, the position of each variable in Tarnopolski diagrams is displayed and compared to reference stochastic processes, like fractional Brownian motion, fractional Gaussian noise, and β noise. Still another way of distinguishing deterministic chaos and structured noise, and quantifying the latter, is provided by the complexity from ordinal pattern positioned slopes (COPPS). We also constructed horizontal visibility graphs and estimated the exponent of the decay of the degree distribution. Taken together, the analyses create a characterization of the dynamics of these systems which can be scrutinized for universality, either across variables or between the three geographically very close catchments.",environmental science
"Climate change requires mitigation approaches, from nature-based to experimental geoengineering. We examined public attitudes toward six strategies-reforestation in previously forested areas, afforestation in new terrains, direct CO",environmental science
"Ecosystem service (ES) research has grown rapidly, but emergent concepts such as disservices, supply-demand, relationships, and flows remain fragmented. An increasing consensus emphasizes that ecosystems cannot deliver services without human inputs, positioning ES as coproducts of coupled social-ecological systems (SES). This necessitates a theoretical rethinking of ES concepts from an SES perspective to advance comprehensive ES science. Through the SES lens, ES quantity and value are redefined as interactions between ecosystem supply and human demand. ES relationships are clarified by distinguishing inherent bundle characteristics from SES-level equilibria, which underpin cross-system flows. The framework integrates these advances by grounding ES in human-ecosystem interdependence, linking supply-demand dynamics to ES realization, resolving ambiguities in relationships through equilibrium analysis, and framing flows as outcomes of SES equilibria. By unifying these concepts, the framework addresses current inconsistencies and charts future research priorities: optimizing supply-demand balance, analyzing SES equilibria mechanisms, and modeling cross-system flow pathways.",environmental science
"Achieving tunable controls on the adsorption and self-assembly of nanoscale building blocks at immiscible fluid interfaces is essential for synthesizing advanced materials, stabilizing emulsions, and the sustainable storage and recovery of fluids. Although extensive efforts have been directed toward resolving the assembly of spherical nanoparticles at water-hydrocarbon interfaces, 2D nanoparticles have received far less attention. In this study, we developed novel controls to direct the adsorption and assembly of 2D laponite nano-discs (diameter = ∼30 nm and thickness = ∼1 nm) at water-heptane interfaces using traces of sodium dodecyl sulfate (SDS) surfactant, demonstrated by advanced",environmental science
"Assessing the species ecological responses to ongoing climate change is a critical challenge in environmental science. Rising temperatures, particularly in winter, are altering the distribution patterns of many species, including the pine processionary moth (PPM), Thaumetopoea pityocampa (Denis & Schiffermüller, 1775). This Mediterranean species, a significant defoliator of conifers, is expanding its range northward as winter temperatures increase. The larvae of PPM also pose serious public health risks due to their ability to induce allergic reactions in humans, pets, and livestock. To better understand these ecological shifts, we calibrated three distribution models (Bayesian Additive Regression Trees, Boosted Regression Trees, and Random Forest) based on historical and modern occurrence data compiling of 1769 points, and assessed climate suitability under historical, current and future conditions. Our results show that winter minimum temperatures, summer maximum temperatures, and solar radiation significantly influence the life cycle, and shape the geographical distribution of PPM. Under current conditions, PPM could extend its range further north, but its limited flight capabilities hinder its ability to keep up with the pace of climate change. Future projections suggest continued northward expansion, although solar radiation is expected to limit the northernmost range of PPM. Certain host tree species of PPM are frequently used as ornamental plants, particularly in urban areas, which makes the careful selection of these species a potentially valuable tool for management. Our findings identify regions that are likely to become suitable for PPM colonization, where proactive measures could be implemented.",environmental science
"Forecasting rapid, non-linear change or so-called tipping points is a major concern in ecology and environmental science. Statistical early warning signs, based on the theory of stochastic dynamical systems, are now regularly applied to observational data streams. However, the reliability of these early warning signs relies on a number of key mathematical assumptions, most notably the presence of Gaussian noise, while many ecological systems exhibit non-Gaussianity. We here show that for systems driven by non-Gaussian, α-stable noise, the classical early warning signs of rising variance and autocorrelation are not supported by mathematical theory, and their use poses the danger of spurious, false-positive results. To address this, we provide a generalized approach by introducing the scaling factor [Formula: see text] as an alternative early warning sign. We show that in the case of the linear Ornstein-Uhlenbeck process, there exists a direct inverse relationship between [Formula: see text] and the bifurcation parameter, telling us that [Formula: see text] will increase as we approach the bifurcation. Our numerical simulations confirm theoretical results and show that our findings generalize well to non-linear, non-equilibrium systems often employed in ecological systems. We thus provide a generalized, robust, and broadly applicable statistical early warning sign for systems driven by Gaussian and non-Gaussian α-stable noise.",environmental science
"Air pollution is a serious health concern in rapidly developing countries like Bangladesh. This study investigates the correlation between self-reported health issues related to air pollution and perceived air pollution among adult Bangladeshis. A face-to-face questionnaire was conducted with 398 adult residents who had lived in their current location for at least 3 years. The survey assessed self-reported health using 13 specific air pollution-related health problems. A linear regression model was then used to analyze factors affecting air pollution-related health status. Our findings reveal correlations between perceived air pollution and health issues. 90% of respondents reported air-polluted environments in their area, with the majority citing multiple sources (42%) of air pollution. Construction activities emerged as a predominant concern, identified by 31% of participants as a primary source of air pollution. Demographic factors play a crucial role in contributing to air pollution-related health problems. Notably, older age groups reported significantly higher health issues compared to their younger counterparts. Residents of Mirpur's residential neighborhood experienced fewer health problems related to air pollution, indicating the influence of urban planning on public health. This interdisciplinary approach offers a comprehensive view of Bangladesh's air pollution crisis, combining environmental science and public health perspectives. The findings emphasize the need for targeted policy interventions, including stricter regulations on construction activities to mitigate their impact on air quality, tailored public health interventions for vulnerable populations (especially older adults), and urban planning strategies that reduce exposure to air pollution in residential areas. Future research should investigate the long-term health impacts of chronic air pollution exposure and evaluate the effectiveness of various mitigation strategies. Addressing these issues can help create healthier, more resilient urban environments.",environmental science
"Coastal erosion is a significant global threat to coastal communities, ecosystems, and infrastructure. Despite various global coastal management strategies and policies and the best efforts to combat coastal erosion, challenges persist. This study reviews global literature on coastal erosion management strategies, highlighting lessons learned and challenges encountered in implementation from past experiences. Findings indicate that global coastal erosion is increasing, with seawalls and hard engineering declining and nature-based solutions and ecological engineering being developed. However, balancing coastal protection with environmental and socioeconomic impacts remains a global challenge, as static coastal protections struggle to adapt to dynamic climate change scenarios. Thus, rising sea levels and other causes of coastal erosion should be prioritized alongside holistic coastal management approaches that consider recession, land use, infrastructure, community well-being, and resilience. This study underscores the need collaborative efforts among stakeholders to develop sustainable coastal protection solutions to address rising sea levels and coastal erosion.",environmental science
"The genus Streptomyces has been recently proven to be a valuable and rich source of producing several bioactive compounds with substantial biological activity and applications in many fields such as medicine, environmental science, food industries, and agronomy. This study highlights the importance of Streptomyces as an antimicrobial, antibiofilm, and anticancer. Out of the 75 actinobacteria isolated from both marine and soil habitats, one isolate, HG2, was selected based on its potent antimicrobial activity. The isolate has been identified morphologically by studying colony and spore chain morphology using TEM and genetically by sequencing their 16 sr RNA gene as Streptomyces sp. 22SH with Accession number OK326829.1. Bioassay-guided fractionation of the Streptomyces sp. 22SH crude extract led to the isolation and purification of Cis-9-Octadecenoic. Biological evaluation including antimicrobial and antibiofilm activity of the crude and purified compound was performed on four clinical microbes (S. aureus ATCC6538-P, B. subtilis ATCC6633, and P. aeruginosa ATCC27853). The compound showed the ability to eradicate the biofilm formation by the tested pathogens. Additionally, the antitumor activity was assessed, and the compound showed a cytotoxic effect against liver carcinoma and breast cancer cells, with IC50 values of 17.48 ± 0.94 and 88.73 ± 4.78 µg/ml, respectively. While it displayed anti-topoisomerase activity with an IC",environmental science
"Integration of natural and cultural resource management is urgently needed to combat the effects of climate change. Scientists must contend with how human-induced climate change and rapid population expansion are fundamentally reworking densely inhabited coastal zones. We propose that a merger of archaeology, environmental science, and land management policy-different yet intertwined domains-is needed to address dramatic losses to biocultural resources that comprise coupled cultural-natural systems. We demonstrate the urgency of such approaches through analyses of coastal archaeological regions within the U.S. Atlantic and Gulf coasts where sea level rise is a primary threat, and we extend our findings globally through an assessment of primary risk factors and forecasts for archaeological sites in the Netherlands, Peru, and Oceania. Results show that across the U.S. Gulf Coast and in Oceania, where little hard infrastructure is in place to protect archaeological sites, hundreds of low-lying coastal sites will be lost under future climate scenarios. In other coasts, like that of the Rhine-Meuse Delta (the Netherlands), risks range from erosion caused by periods of flooding to the degradation of wetland sites caused by extreme droughts. In coastal Peru, population pressures pose the primary risk to archaeological sites through rapid agro-industrial growth, urban expansion, and El Niño climate variability. Across all risks, we propose that management strategies to mitigate losses to biocultural resources must be approached as a restoration process of linked sociocultural and physical environmental systems.",environmental science
"Although food security has been a long-standing focus of research and policy in China, significant gaps remain in synthesizing evolving debates across multiple disciplines such as agriculture, economics, environmental science, and politics. This systematic review provides an interdisciplinary analysis of five key areas shaping contemporary discourses on Chinese food security: (1) balancing self-sufficiency with trade dependence; (2) reconciling agricultural intensification with environmental sustainability; (3) addressing urbanization's impact on small-scale agriculture transformation; (4) enhancing resilience to climate change through targeted investments and policies; and (5) improving food safety standards to meet growing consumer concerns. This review harnesses insights from global academic databases-including Web of Science, Scopus, and Google Scholar-to map interdisciplinary debates on Chinese food security, synthesizing peer-reviewed studies and policy reports from 2010 to 2024. Drawing upon empirical evidence from recent studies, this review highlights critical tensions, such as those between economic growth priorities and ecological preservation, and explores pathways for sustainable development within China's unique socio-political context. The findings underscore that robust food security strategies must integrate diverse perspectives while adapting to emerging challenges such as climate change impacts and shifting consumer demands. To ensure sustainable outcomes, future policies should prioritize inclusivity by incorporating insights from ongoing research agendas across disciplines. This review can be used as a benchmark for the advancement of research agendas focused on developing sustainable solutions to the complex challenges of food security in China and beyond.",environmental science
"Systematic reviews (SRs) in environmental science is challenging due to diverse methodologies, terminologies, and study designs across disciplines. A major limitation is that inconsistent application of eligibility criteria in evidence-screening affects the reproducibility and transparency of SRs. To explore the potential role of Artificial Intelligence (AI) in applying eligibility criteria, we developed and evaluated an AI-assisted evidence-screening framework using a case study SR on the relationship between stream fecal coliform concentrations and land use and land cover (LULC). The SR incorporates publications from hydrology, ecology, public health, landscape, and urban planning, reflecting the interdisciplinary nature of environmental research. We fine-tuned ChatGPT-3.5 Turbo model with expert-reviewed training data for title, abstract, and full-text screening of 120 articles. The AI model demonstrated substantial agreement at title/abstract review and moderate agreement at full-text review with expert reviewers and maintained internal consistency, suggesting its potential for structured screening assistance. The findings provide a structured framework for applying eligibility criteria consistently, improving evidence screening efficiency, reducing labor and costs, and informing large language models (LLMs) integration in environmental SRs. Combining AI with domain knowledge provides an exploratory step to evaluate feasibility of AI-assisted evidence screening, especially for diverse, large volume, and interdisciplinary studies. Additionally, AI-assisted screening has the potential to provide a structured approach for managing disagreement among researchers with diverse domain knowledge, though further validation is needed.",environmental science
"Understanding the chemical and geological conditions of early Earth is crucial to unraveling the processes that led to the evolution of life. Iron, abundant in the early oceans, likely played a significant role in the evolution of life, particularly in the form of minerals that supported the emergence of the first life forms. This article investigates the catalytic effects of cyanide and thiocyanate ions on magnetite samples synthesized under conditions that simulate the early Earth. Magnetite samples were characterized using X-ray photoelectron spectroscopy (XPS), Fe L",environmental science
"Several modern scientific fields rely on computationally intensive mathematical models to study uncertain, complex socio-environmental phenomena such as the spread of a virus, climate change, or the water cycle. However, the degree of epistemic commitment of these fields is unclear. By using machine learning to extract the knowledge claims of around 755,000 abstracts from 14 scientific fields spanning the human and physical sciences, we show that epidemic, integrated assessment, and water modeling display a degree of linguistic assertiveness akin to physics. Water modeling surpasses even the most accurate physical sciences in substantiating knowledge claims with numbers, which are largely produced without accompanying uncertainty and sensitivity analysis. By exploring the balance between doubt and certainty in academic writing, our study reflects on whether the strong conviction and quantification of fields modeling socio-environmental processes, especially water modeling, are epistemically justified.",environmental science
"The COVID-19 lockdown led to reduced industrial and transportation emissions in Chinese cities, improving air quality and affecting large-scale vegetation. This study examines changes in net primary productivity (NPP) across 283 prefecture-level cities in China (PCC) during the lockdown, focusing on aerosol optical depth (AOD), nighttime light (NTL), temperature, and precipitation. Results from spring 2020 show that 53.5% of cities experienced increased NPP, with greater gains in cities with high industrial and traffic activity due to reduced AOD. Structural equation modeling revealed that urban characteristics, particularly industrial levels, influenced NPP primarily through changes in AOD, with human activity shifts playing a larger role than climate factors. In cities with substantial NPP changes, human activity effects were especially pronounced. These findings highlight the complex interactions among urban characteristics, environmental changes, and vegetation responses, offering insights for ecological management and urban planning in the face of future disruptions.",environmental science
"In recent years, gold nanoparticles (AuNPs) have attracted much attention due to their extensive applications in fields such as biomedicine, electronics, catalysis, and environmental science. However, traditional chemical methods for AuNPs synthesis present certain challenges, such as the use of harsh chemicals and high energy consumption. These limitations have led to the development of alternative, sustainable synthesis methods that are efficient, cost-effective, and environmentally friendly. These methods focus on the principle of green chemistry, utilizing renewable biomass sources (e.g., plant tissues, bacteria, fungi, and algae) and nontoxic solvents to minimize environmental impact. Biomolecules derived from biomass, such as polyphenols, proteins, and unsaturated fatty acids, enable the synthesis of AuNPs under mild and eco-friendly conditions. This review provides a comprehensive overview of recent advancements in the sustainable synthesis and applications of AuNPs. It summarizes the specific active compounds that drive the reduction and stabilization of AuNPs. It also explores the characterization techniques and underlying mechanisms involved in synthesis. Furthermore, their cellular effects and long-term safety are discussed, along with their extensive applications in biomedical fields, including bioimaging and cancer therapies. Finally, the potential of AuNPs is summarized, highlighting future perspectives as well as emerging opportunities and challenges in biological applications.",environmental science
"Polycyclic aromatic hydrocarbons (PAHs) from fossil fuels initiate breast cancer in animal models, and in humans a link between PAH exposure and breast cancer risk has been established. In women, it takes approximately two decades for PAH-exposed breast cells to progress to diagnosable breast cancer, and the exposure needs to happen during a time window when breast is vulnerable to PAHs. Further, not everyone exposed to high levels of PAHs develops breast cancer. PAHs are most likely to lead to breast cancer initiation among individuals who were exposed",environmental science
"Shifting climate patterns across wine-growing areas of Ontario, British Columbia, Nova Scotia, and Quebec are driving the development of new viticultural potential within established Canadian wine regions. Changing trends of critical climatic variables and indices, such as near-surface temperature (NST) and growing degree days, indicate that growing conditions are changing. This research assesses NST and seasonal precipitation trends from 1994 to 2100 for Canadian viticulture, focusing on the primary established growing regions. Using multi-model CMIP6 spatial-temporal averages from the NEX-GDDP-CMIP6 dataset available on Google Earth Engine, this research aims to understand future NST and seasonal precipitation trends with climate scenarios SSP245 and SSP585 and discuss possible effects on viticulture on a near-term (2015-2050) and long-term (2050-2100) basis. Minimum, average, and maximum NST trends demonstrated statistically significant increases across all regions, with similar increasing precipitation trends across the growing season. Increasing trends, especially trends of extreme temperature, can all influence grape quality and, ultimately, wine quality. Outcomes suggest warmer growing climates, which may benefit wine producers, but the increasing frequency of extreme climate-change-related events such as drought, heatwaves, or extreme rainfall suggests potential future challenges that will require careful management.",environmental science
"Per- and polyfluoroalkyl substances (PFAS) are ubiquitous, recalcitrant, bioaccumulative, and toxic. Effective concentration technologies are essential for remediating these compounds, a major focus of environmental science and engineering today. This review provides a comprehensive overview of PFAS, from fundamental chemistry to current research, encompassing fluorine chemistry, PFAS synthesis, and their applications. The review specifically thoroughly examines how fluorine chemistry can be utilized to enhance PFAS removal and enrichment, highlighting examples of aromatic/direct fluorination and aliphatic per- and polyfluorination, where the latter induces the fluorous effect. A comprehensive list of reactions used to design or modify PFAS sorbents is summarized, serving as a resource for ongoing research. Finally, insights are offered into how fluorine chemistry can be studied and employed to further improve PFAS characterization and management.",environmental science
"Concentration measurement has important applications in many fields, including pollution assessment in environmental science and drug dosage calculation in biomedical research. In the conventional methods, concentration is determined by measuring absorbance along a fixed long optical path. However, it is not suitable for high-concentration measurement. Herein, we have proposed a few-step variable optical-path-length slope method (fs-VOSM) for ultrabroad dynamic-range concentration measurement. As a proof of the method, we devised an fs-VOSM system in which a reference path is included to enhance the accuracy and repeatability. The measurement is conducted at 5 positions along ultrashort optical path (0-20 μm) for 800 ms. In the measurement of potassium dichromate solution concentration, the fs-VOSM system exhibits a wide dynamic range from 0.879 to 70.726 g/L with coefficient of variation (CV < 1.4%) and high accuracy (relative error within ±3.5%). We prospect that the fs-VOSM can be widely adopted in many advanced instruments such as process analyzer, flow injection analyzer, and turbidity meter.",environmental science
"Rivers and their drainage basins are fundamental landscape units, and their morphology is a record of the cascade of geologic, tectonic, biological, and climatic processes acting upon them. Quantifying this cascade depends on morphometric measurements of rivers and drainage basins, and comparison of these measurements across diverse landscape settings. Here we present a new near-Global dataset of Drainage Basin Morphology, GDBM, which provides morphometric measurements of 254,966 basins and the longest river channel within them. This dataset is created by extracting channels from the 30-meter resolution Shuttle Radar Topography Mission (SRTM) topographic data which fall within Köppen-Geiger climate zones, to allow the influence of climate on river and basin morphology to be quantified. GDBM contains measurements of channel length, slope, relief, normalised concavity, basin area, basin shape and aridity. These data have been generated with minimal assumptions, focusing on identifying and classifying channels with high confidence, through the use of a conservative drainage area threshold. GDBM provides opportunities for rapid spatial analysis of channel morphology at a near-global scale and has the potential to yield continuing insight into landscape evolution across diverse climate regimes. This dataset also has potential applications across a range of Earth and environmental science domains, through the integration of additional data on, for example, forest canopy height, landcover, or soil properties to explore the spatial variability of channel and basin properties with climate.",environmental science
"Fear is an emotion most humans feel throughout their lifetime, often without knowing its exact cause. Fear is considered a behavioural act to escape a potentially threatening situation, whereas anxiety is distinguished by the lack of actual stimuli and, more so, the threat of potential stimuli. Fear and anxiety are two distinct emotions which warrant separate classifications. Understanding both the genetic and environmental influences which contribute to anxiety disorder onset and development can aid in prevention, diagnosis and management; it may also play a role in helping patients further understand their diagnosis and guide future research. This review examines genetic and environmental contributions to the onset and development of anxiety disorders and explores their implications for treatments and further research. An extensive search of databases, including PubMed, Web of Science and Google Scholar, using specific search terms led to the collection of a large number of studies prior to further screening. The inclusion criteria were: studies written in English, full-text available, human studies, and studies conducted within the last 10 years (at the time of writing). The exclusion criteria were: animal studies, studies with a focus on neurological anatomy rather than anxiety disorders, and studies including depressive or other psychological disorders. Using a cross-sectional approach allowed for the strengths to be summarised whilst considering the limitations of the research. The studies were screened for limitations and some of these were stated within the research, whilst others had to be interpreted using a subset of pre-formulated questions to ensure reproducibility. Variables such as the main outcomes, conclusions and limitations were tabulated to guide the interpretation of these studies. Genetic predispositions were linked to specific gene polymorphisms or familial abnormalities in neurological anatomy and often correlated with the likelihood of the onset of anxiety disorders or contributed to the severity of symptoms. Environmental influences were found to affect the functioning of the brain and some studies established the impacts that therapies have on brain function. The majority of studies have implicated that a combination of genetics and environment have an effect on anxiety disorders, with one study suggesting that a single traumatic event can lead to alterations in the function of specific genes related to anxiety disorders. Both genetic and environmental factors contribute to the onset, development and severity of anxiety disorders, with environmental triggers often influencing the phenotypic expression of these disorders. Further research would benefit from determining specific processes which lead to the onset of anxiety disorders to facilitate their detection and intervention before resulting in life-long and generational consequences. Studies including larger sample sizes and varied subjects would be advantageous in the future.",environmental science
"As the industrialization process accelerates, environmental pollution issues are becoming increasingly severe, especially water pollution, which poses a serious threat to the ecosystem and human health. Pollutants in water bodies that are difficult to degrade not only exert toxicity to aquatic life but may also accumulate through the food chain, affecting human health. Therefore, the development of efficient and environmentally friendly pollutant treatment technologies has become a popular topic in the field of environmental science. Chitosan (CS), as a natural polysaccharide, is considered an ideal choice for preparing environmentally friendly green materials due to its excellent compatibility, and rich functional groups. CS-based hydrogels, with their unique three-dimensional network structure, high specific surface area, and good hydrophilicity, show great potential in environmental purification. This review aims to systematically summarize and analyze the latest research progress of high-performance chitosan-based hydrogels (HPCSHs) in the field of environment, exploring their performance characteristics, enhancement strategies, and sustainability. Firstly, the structure and characteristics of HPCSHs are introduced, with an emphasis on their adsorptivity, degradability, reusability, environmental responsiveness, biocompatibility, and multifunctionality. Subsequently, four enhancement strategies for hydrogel performance are discussed in detail, including crosslinking modification, surface functionalization, nanomaterials composite, and structure regulation. Then, the environmental impact and sustainability of HPCSHs are assessed. Finally, the current challenges and future development trends are explored. This review provides references and guidance for the research of HPCSHs in the environmental field, offering new solutions for environmental pollution issues.",environmental science
"Engineered nanoparticles (ENPs) have widely revolutionized many fields, including medicine, technology, environmental science, and industry. However, with the wide use of ENPs in everyday life, concerns are increasingly being raised about their potential neurotoxic effects on the central nervous system (CNS), particularly in relation to neurodegeneration and neuroinflammation. The present systematic review focuses on reporting the current knowledge about the neurotoxic potential of ENPs, with particular attention to their mechanism of action in neuroinflammation and neurodegeneration. This PRISMA based systematic review encompassed studies from Pubmed, Embase, and Web of Science. Eligibility criteria included focusing on engineered NPs and their impacts on neuroinflammation, neurodegeneration, and neurotoxicity. Evidence shows that ENPs easily can cross the blood-brain barrier (BBB) inducing neuronal damage and neurotoxicity due to oxidative stress, inflammation, mitochondrial dysfunction, and cell death. Inflammation plays a crucial role in activating glial cells, such as microglia and astrocytes, leading to the release of pro-inflammatory cytokines, chemokines, and reactive oxygen species (ROS). This increases the vulnerability of the brain to systemic inflammation. In conclusion, as ENP exposure continues to increase, understanding their long-term effects on the brain is fundamental to developing effective strategies to mitigate their impact on neuronal human health.",environmental science
"Sorption-based atmospheric water harvesting (SAWH) offers a decentralized solution for freshwater generation in remote and arid regions. Continuous SAWH systems, with their compact design and energy efficiency, present advantages over discontinuous systems for kilogram-scale water supply. Using global meteorological data and advanced modeling, we evaluated the performance of passive and active continuous systems, incorporating the isothermal and dynamic properties of twelve advanced sorbents, such as hydrogels, metal-organic frameworks, and composites. Results show that solar-powered continuous SAWH systems can operate effectively year-round in 39.53% of global districts, while active systems enable low-energy harvesting in 55.27% of districts. Temperature and humidity significantly influence performance, with correlations of 47.41% and 86.41%, respectively, surpassing the impact of atmospheric pressure and solar radiation. This study provides a predictive framework for global SAWH performance, offering design insights to optimize system efficiency and guide sorbent development for broader applications.",environmental science
"Single-atom catalysts (SACs) with maximized metal use and discrete energy levels hold promise for broad applications in heterogeneous catalysis, energy conversion, environmental science and biomedicine",environmental science
"The perception of beauty, though often subjective, is influenced by identifiable structural and spatial patterns that shape how individuals experience their surroundings. This study explores the roles of object variety and connections in scenic images in shaping perceptions of environmental aesthetics, using advanced computer vision techniques and regression analysis. Drawing on data from the Scenic-Or-Not project and leveraging the Segment Anything Model, we analysed landscape photographs to understand how object diversity and spatial arrangement affect aesthetic judgments. Our findings reveal a positive correlation between object diversity and perceived scenicness, emphasizing the importance of visual richness and complexity in enhancing scenic appeal. However, excessive object diversity can introduce visual clutter and diminish aesthetic value. Our analysis of object connections, measured through graph-based metrics like network density and clustering coefficient, reveals that denser and more interconnected arrangements enhance scenic appeal, while overly efficient local connections reduce visual interest. These results demonstrate the importance of balancing complexity, coherence and interconnectedness in scenic design. By situating these findings within established theoretical frameworks, this study provides insights for disciplines such as environmental science, urban planning and landscape management, offering guidance for creating environments that evoke positive aesthetic experiences while maintaining visual harmony and interest.",environmental science
"This study leverages cyber-physical system (CPS) technology to create a digital twin model for assessing the ecological quality of ancient trees. Integrating multi-source data and machine learning, our model provides tailored conservation strategies, supports ecological restoration, and enhances disaster response capabilities. Key findings illustrate that the model is precise in monitoring tree health, managing water resources, and predicting the impacts of natural disasters. This innovative approach provides significant advantages in real-time monitoring and long-term ecological management, ensuring the sustainability of ancient tree ecosystems. Our results highlight the model's potential to transform ecological conservation practices and offer a reliable tool for researchers and practitioners in environmental science.",environmental science
"Biochar has gained attention as a promising adsorbent for removing various environmental pollutants due to its availability, cost-effectiveness, eco-friendly nature, and high adsorption capacity. This review focuses on using biochar to remove poly- and perfluoroalkyl substances (PFAS), emerging contaminants that pose significant environmental and health risks due to their toxicity, persistence, and bioaccumulation potential. The classification of biochar and using pristine and functionalized biochar for pollutant removal are addressed, along with an overview of the various functionalization techniques employed to enhance biochar's adsorption capacity. Different factors influencing the removal of poly- and perfluoroalkyl substances (PFAS), such as pH, the molecular chain length of PFAS, and biochar characteristics like pyrolysis temperature, particle size, and dosage, are investigated. Long-chain PFAS, such as perfluoro octane sulfonate (PFOS) and perfluorooctanoic acid (PFOA), are more effectively adsorbed than short-chain PFAS, with competitive sorption effects observed in mixed-solution environments. A decrease in pH, smaller biochar particle sizes, and optimized pyrolysis temperatures have been found to enhance biochar's sorption capacity. Furthermore, biochar demonstrates higher efficiency in single-solution systems compared to mixed solutions when removing PFAS.",environmental science
"The increasing demand for sustainable agricultural practices prompts a reevaluation of feeding strategies in ruminant nutrition. Agricultural waste, often viewed as a by-product (BP), presents a promising opportunity to enhance the sustainability of livestock production systems. This review explores the potential of incorporating various agricultural BPs into ruminant diets. Utilizing these BPs reduces the environmental impact of livestock farming and contributes to the circular economy by recycling nutrients back into the food system. The nutritional composition of these wastes varies widely, and their inclusion in ruminant diets improves feed efficiency, animal performance and overall health. Research indicates that specific treatments, such as fermentation and ensiling, enhance the digestibility and nutrient availability of these materials. Moreover, incorporating agricultural waste into ruminant nutrition leads to financial benefits for farmers by reducing reliance on conventional feed sources. However, key challenges remain, particularly the need for further research to optimize inclusion rates and address potential anti-nutritional factors found in some agricultural wastes. Notably, adding these materials to ruminant diets results in 10%-30% reductions in feed costs and improvements of 5%-20% in key performance metrics, such as weight gain and milk production. These findings highlight the economic and sustainability benefits of utilizing agricultural BPs in livestock feeding practices. This review emphasizes the necessity of developing innovative and sustainable feeding strategies that leverage agricultural waste, calling for interdisciplinary approaches that combine animal nutrition, agronomy and environmental science. By adopting these practices, the livestock sector contributes to food security while minimizing its ecological footprint. Future research focuses on innovative processing techniques, effective management of anti-nutritional factors, and assessing long-term impacts on animal health and productivity. Additionally, examining the nutritional and health aspects of commonly used BPs, such as pomegranate, grape, pistachio, saffron, raisin, olive and tomato, is essential for fully understanding their potential in ruminant nutrition and guiding the development of targeted feeding strategies.",environmental science
"Surface-enhanced Raman spectroscopy (SERS) offers great potential for sensitive molecular detection in fields ranging from environmental science to healthcare diagnostics, but its efficacy is limited by the low enhancement factors and sensitivity of semiconductor substrates. In this study, we synthesized scandium-doped 1T-phase molybdenum disulfide (Sc-doped 1T-MoS",environmental science
"To support regulatory risk assessment, standardized laboratory tests of toxicity to representative species including honeybees (",environmental science
"This study investigates the synergistic utilization of straw, water, and nitrogen resources in agricultural ecosystems to optimize sustainable management practices. Focusing on a tomato-corn-soybean agroecosystem, the research quantifies the interactions within the water-nitrogen-carbon nexus and evaluates various straw utilization strategies. Results show that, under optimized water (196-157-123 mm) and nitrogen (207-236-84 kg/ha) conditions, the water and carbon footprints decreased by 2.25-5.46% and 3.37-13.82%, respectively, compared to local practices. Economic benefits and overall quality improved by 8.27-21.06% and 4.06-7.63%, respectively. Prioritizing straw return to the field and straw biochar preparation scenarios enhanced system coordination by 1.41-9.62%. These findings offer valuable insights for decision-makers, providing strategies for sustainable agriculture that balance resource optimization, food security, and environmental protection.",environmental science
"Plastics are integral to daily life due to their flexibility, durability, low viscosity, and poor conductivity. However, UV exposure, weathering, and biodegradation fragment plastics into microplastics and nano plastics, forming a heterogeneous mix categorized as large microplastics (5 mm to 1 mm), small microplastics (1 mm to 1 μm), and nano plastics (<1 μm). Concerns over the health impacts of micro and nano plastic (MNP) pollution have spurred extensive research, revealing increased disease susceptibility. Recent studies, analyzed using tools like Biblioshiny and Vos viewer software, have focused on authorship, journal sources, geographic origins, and emerging trends in MNP research. Data from the SCOPUS database (January 1, 2015 to January 3, 2024) analyzed via Biblioshiny and Microsoft Excel revealed 478 articles, with a steady annual increase in publications and references, highlighting growing interest in nanoplastics' health impacts. China leads in publications and collaborations, with eight of the top ten contributing institutions located there, alongside Spain and Serbia. Chinese authors also dominate the top ten published papers in leading journals, five of which are prominent in Environmental Science. This study presents the first visual metametrological analysis of the connection between nanoplastics and human health using bibliometric techniques. By examining global research on nanoplastics' health implications, we can better understand the current research landscape and set priorities for future studies.",environmental science
Salinity and alkalinity are critical environmental factors that affect fish physiology and ability to survive.,environmental science
"In this paper, conceptual models of the exposure pathways outside the hive and the in-hive distribution of pesticide residues brought to the honeybee hive are presented. The conceptual model is based on the natural life history, behavior and diet of individual honeybees (",environmental science
"Effects of sulfoxaflor (SFX) on aquatic invertebrates were assessed by comparing concentrations predicted to occur in or measured in surface waters to thresholds for adverse effects. Due to the specific mode of toxic action, fishes are relatively tolerant of the effects of SFX.",environmental science
"Sulfoxaflor (SFX) is a newly registered IRAC Group 4C nAChR-receptor-agonist systemic insecticide that is used to control sap-sucking insects in a variety of crops. SFX has a short half-life (< 2 days) in agricultural soil and is only used as a foliar-applied product. Pollinators such as honey bees could be exposed directly to spray if application occurs shortly before or during blooming of flowers, or, as SFX is systemic, via oral exposures to nectar and pollen collected by bees. Guided by a Weight-of-Evidence rubric, this paper critically assessed studies on the fate of SFX in bee-relevant matrices submitted by the registrant in several jurisdictions as well as a few studies published in the open scientific literature. These studies provided data for residues in pollen and/or nectar from 16 crops grown in several countries in both hemispheres. SFX and transformation products were detected in nectar and pollen. Transformation products have low hazard to honeybees, so the focus was on the parent material, SFX, which was observed to dissipate rapidly from pollen and nectar after application. Dietary No-Observed-Adverse-Effect-Concentrations (NOAEC) derived from results of 10-day continuous feeding studies of adult (0.50 mg kg",environmental science
"Stable isotope-labeled organic compounds, containing D, The representative isotopolog ion with its specific molecular formula was proposed to represent various labeled states. The isotopic purity was calculated using the corrected intensities of representative isotopolog ions by removing the natural isotopic contributions from preceding peaks. A unified equation has been proposed for the calculation of isotopic purity for various labeled situations including D, Several case studies were presented and our calculated isotopic purities were all consistent with the isotopic purities provided in the certificate. In-source CID method was applied for the labeled compound (molecular weight > 400 u), when the maximum resolution setting was insufficient to differentiate isobaric isotopolog ions. Finally, a workflow with a Python calculation program was summarized for determinations of the isotopic purity for mono isotope-labeled or mixed isotopes-labeled organic compounds, involving D,",environmental science
"Sulfoxaflor (SFX, CAS# 946578-00-3) is marketed by Corteva Agrisciences Inc. as Isoclast®. SFX is a Group 4C, nicotinic acetylcholine receptor agonist and is a systemic insecticide that is most active against sucking insects. This paper critically reviews and characterizes the physical and chemical properties of SFX to facilitate development of conceptual models that identify environmental compartments with the greatest potential concentrations and organisms most likely to be exposed. These conceptual models were assessed in a Weight of Evidence (WoE) framework to identify scenarios and organisms at greatest risk. The solubility of SFX in water is approximately 550 mg L",environmental science
"Field studies involve combinations of exposure, natural dynamics, and effects in natural and agricultural environments. To be more realistic, field studies focussed on pollinating insects must consider the details of biology, life history, behavior, and pollination ecology of the test species. While expensive and time-consuming, these tests provide the most realistic information, especially for social insects, but are valuable for solitary bee species as well. They are more realistic than laboratory studies because they determine the combined effects of natural stressors including weather, food availability, parasites, and pathogens with anthropogenic stressors, such as the pesticide treatment itself, within agroecosystem landscapes. Twenty-four field studies conducted with bees to support the registration of sulfoxaflor and published work are included, and a standardized rating system for the quality and relevance of the studies was used. The studies included",environmental science
"Air pollution is one of the world's most substantial environmental problems. Air pollution is more severe in urban environments. Besides humans, other animals also inhabit cities. Despite the significant impact of air pollution on health, there is limited research on its effects on wildlife in general and specifically on bats, which are common in cities. Egyptian fruit bats dwell in both rural and urban environments. We assessed the exposure to particulate matter (PM)2.5 pollution and compared it to blood hemoglobin (HGB) levels in fruit bat populations roosting at different degrees of urbanization. We found a significant negative correlation between PM2.5 exposure and HGB levels. Bats that roost and forage in highly urban-polluted areas exhibited low HGB levels. This is a first attempt to examine the effect of urbanization-related pollution on bat health, revealing a negative correlation between air pollution and HGB levels that might detrimentally affect bats' health in the long run.",environmental science
"Accurate metagenomic classification relies on comprehensive, up-to-date, and validated reference databases. While the NCBI BLAST Nucleotide (nt) database, encompassing a vast collection of sequences from all domains of life, represents an invaluable resource, its massive size-currently exceeding 10 Accurately identifying the diverse microbes present in a sample, whether from the human gut, a soil sample, or a crime scene, is crucial for fields ranging from medicine to environmental science. Researchers rely on comprehensive DNA databases to match sequenced DNA fragments to known microbial species. However, the widely used NCBI nt database, while vast, poses significant challenges. Its massive size makes it difficult for many researchers to use effectively with taxonomic classifiers, and inconsistencies and contamination within the database can impact the accuracy of microbial identification. This work addresses these challenges by providing cleaned, updated, and validated nt-based databases specifically optimized for the widely used Centrifuge classification tool. This new resource demonstrably reduces errors and improves the reliability of microbial identification across diverse taxonomic groups. Moreover, by providing readily usable indexes, we overcome the size barrier, enabling researchers to leverage the full potential of the nt database for metagenomic analysis. Our findings underscore the need to treat reference databases as dynamic entities, emphasizing continuous quality control and versioning as essential practices for robust and reproducible metagenomics research.",environmental science
"Recent climate-trade policies emphasize managing carbon embedded in goods, with electricity carbon footprints as a key metric. However, the rapid energy transition complicates this evaluation. An innovative spatiotemporal model, accounting for dynamically-installed low-carbon energy infrastructure (LCPI), was developed to assess electricity decarbonization trajectories. Applying to Chinese power grid, the national and provincial electricity carbon footprints are projected to analyze the impact of LCPI deployment. By 2050, under aggressive decarbonization scenarios, the electricity carbon footprint is projected to reach 0.12 kg CO",environmental science
"Recent advancements in machine learning (ML) technologies have significantly enhanced their applications in environmental sciences, particularly in the domains of soil and water remediation. This paper reviews recent studies that employ ML to optimize the use of biochar for heavy metal adsorption. It highlights critical data handling shortcomings, such as data leakage and inadequate data splits, which potentially undermine the reliability and generalizability of research findings. This paper specifically addresses challenges related to data leakage and improper splitting of data sets, emphasizing the necessity for rigorous data management practices. Data in this context arise from a compilation of experimental studies and are typically grouped based on specific experimental conditions and biochar types. Such grouping leads to non-independence among data points within the same group due to shared characteristics and experimental conditions. The paper discusses methodologies to enhance data integrity and improve the representativeness of ML applications in environmental science. Through these discussions, it aims to guide future research toward developing more robust, reliable, and applicable ML-driven strategies for environmental remediation.",environmental science
"The first paper in a series of seven serves as an overview of the initiation of the insecticide Sulfoxaflor Environmental Science review process and provides some regulatory background. The following papers are a series and describe a critical analysis of the data related to sulfoxaflor in terms of its uses, properties, environmental fate, and potential effects on aquatic organisms, and pollinators. The last paper describes a refined model for hazard and risk assessment of pesticides in pollinators.",environmental science
Identifying atomic-level mechanisms in elemental chemical reactions is crucial for understanding complex reaction processes. This study focuses on the typical multichannel H + NH,environmental science
"Jetting dynamics from bursting bubbles play a key role in mediating mass and momentum transport across the air-liquid interface, and have attracted widespread interest from researchers across disciplines. In marine environments, this phenomenon has drawn considerable attention due to its role in releasing biochemical contaminants, such as extracellular polymeric substances, into the atmosphere through aerosol production. These biocontaminants often exhibit non-Newtonian characteristics, yet the physics of bubble bursting with a rheologically complex layer at the bubble-liquid interface remains largely unexplored. In this study, we experimentally investigate the jetting dynamics of bubble bursting events in the presence of such a polymeric compound layer. Using bubbles coated by a polyethylene oxide solution, we document the cavity collapse and jetting dynamics produced by bubble bursting. At a fixed polymer concentration, the jet velocity increases while the jet radius decreases with an increasing compound layer volume fraction, as a result of stronger capillary wave damping due to capillary wave separation at the compound interface as well as the formation of smaller cavity cone angles during bubble cavity collapse. These dynamics produce smaller and more numerous jet drops. Meanwhile, as the polymer concentration increases, the jet velocity decreases while the jet radius increases for the same compound layer fraction due to the increasing viscoelastic stresses. In addition, fewer jet drops are ejected as the jets become slower and broader with increasing polymer concentration, as viscoelastic stresses persist throughout the jet formation and thinning process. We further obtain, for the first time, a regime map delineating the conditions for jet drop ejection",environmental science
"The linkages of distributed ponds are utilized in conjunction with one another to remediate non-point source (NPS) pollution in a water-scarce basin. This study provides an overview of a state-of-the-art thorough evaluation of ponds, which offers insight into the majority of topics covered by the ongoing scientific studies, including their various functions and factors affecting their functioning on the hydrological, physicochemical, and biological processes, such as environmental climate factors and basin-specific landscape configuration parameters, as well as process parameters for design, operation and management aspects. The linkages of ponds provide a variety of sustainable services (6R functions), such as resources, restoration, reduction, reuse, recycling, and recovery. The significance of regional environmental geochemical substrates in the ponds, such as red soil, as a hotspot for microbial reaction is emphasized to demonstrate the significant contribution of the migration and transformation of Fe/N cycles to the pollution removal process. In this review, 178 original research publications were thoroughly analyzed to improve our knowledge of the iron-nitrogen cycle in wetlands. From a molecular biology standpoint, the identification of functional microbe species and genes linked to microbially driven iron-nitrogen cycle activities is delved. Reliable data and homogeneous datasets from 42 studies were collected. The correlation analysis results demonstrated Feammox rates contributed to the N loss amount (r = 0.871; p < 0.01), and they had a positive correlation with Fe(III) concentration (r = 0.965; p < 0.01). The proposal for the treatment of NPS pollution by large-scale linkages of ponds in a basin involves optimizing Fe/N microbial processes to promote iron crystallization and efficient circulation of Fe(II) and Fe(III). The co-benefits of geochemistry, biotechnology, and environmental science should be considered when managing contamination in engineering applications. The linkages framework for integrated ponds, which incorporates macro (watershed management) and micro (biogeochemical cycle mechanism) investigations, provides a systematic approach to the application of integrated ponds and sustainable water management for NPS pollution control.",environmental science
"Exposome represents one of the most pressing issues in the environmental science research field. However, a comprehensive summary of worldwide human exposome research is lacking. We aimed to explore the bibliometric characteristics of scientific publications on the human exposome. A bibliometric analysis of human exposome publications from 2005 to December 2024 was conducted using the Web of Science in accordance with PRISMA guidelines. Trends/hotspots were investigated with keyword frequency, co-occurrence, and thematic map. Sex disparities in terms of publications and citations were examined. From 2005 to 2024, 931 publications were published in 363 journals and written by 4529 authors from 72 countries. The number of publications tripled during the last 5 years. Publications written by females (51% as first authors and 34% as last authors) were cited fewer times (13,674) than publications written by males (22,361). Human exposome studies mainly focused on air pollution, metabolomics, chemicals (e.g., per- and polyfluoroalkyl substances (PFAS), endocrine-disrupting chemicals, pesticides), early-life exposure, biomarkers, microbiome, omics, cancer, and reproductive disorders. Social and built environment factors, occupational exposure, multi-exposure, digital exposure (e.g., screen use), climate change, and late-life exposure received less attention. Our results uncovered high-impact countries, institutions, journals, references, authors, and key human exposome research trends/hotspots. The use of digital exposome technologies (e.g., sensors, and wearables) and data science (e.g., artificial intelligence) has blossomed to overcome challenges and could provide valuable knowledge toward precision prevention. Exposome risk scores represent a promising research avenue.",environmental science
"Understanding the drying mechanisms, crystallization, and creep dynamics in salt solutions relies on a thorough understanding of the evaporation kinetics of individual droplets. These processes are of significant interest due to their implications in fields such as astrochemistry, environmental science, and material science. However, under nonequilibrium conditions like reduced pressure (<1 atm) and microgravity (<1",environmental science
"Heavy metal contamination in soil is a major environmental and public health concern, especially in regions with substantial industrial and agricultural activities. Conventional predictive models often focus on single contaminants, limiting their utility for comprehensive environmental monitoring. This study addressed these limitations by developing an advanced multi-end ensemble convolutional neural network model capable of simultaneously predicting the concentrations of cadmium, arsenic, and zinc in European soils. A comprehensive dataset with 18 diverse factors was prepared, including soil properties, climatic factors, and anthropogenic activities. Moreover, the model compared four ensemble learning techniques in contamination prediction, including simple averaging, snapshot ensembles, integrated stacking, and separate stacking. Among these, the separate stacking model with random forest regressor meta-model achieved the highest accuracy, with a mean spared error of 0.0378, a mean absolute error of 0.0785, and a coefficient of determination of 0.79 in the testing phases. Sensitivity analysis highlighted farming area, road length, nitrogen content, and mean annual temperature as key factors influencing metal concentrations. To enhance accessibility, a GUI-based web application was developed, allowing users to enter relevant factors and receive real-time predictions of contamination levels. This application empowers stakeholders, such as environmental regulators and policymakers, to make informed, data-driven decisions for targeted remediation. These findings underscore the critical role of integrated machine learning approaches in environmental science, offering a powerful tool for identifying contamination hotspots, supporting soil health management, and promoting sustainable land use.",environmental science
"Accurate estimation of the surface charge density of nano/micro particles is crucial for regulating their environmental fate and bioavailability in the fields of environmental science and materials engineering. However, existing analytical methods for accurately estimating surface charge density remain significant challenges. In this study, we proposed a method for estimating the surface charge density of nano/micro particles through aggregation experiments using dynamic light scattering technology. The specific ion effect had a significant effect on the accuracy of these estimations. Without considering the specific ion effect, this led to significantly different and unacceptable surface charge densities for montmorillonite particles with permanent charges. Conversely, when considering the specific ion effect, similar surface charge densities were obtained (0.1974, 0.1930, and 0.1718 C/m",environmental science
"The allocation of water and land resources (WLRs) has adhered to a system where they ""serve as boundaries for each other,"" posing challenges in satisfying the exacting management requirements for these resources in the contemporary era. In line with precise predictions of the future WLRs, the optimal allocation framework of WLRs was constructed to obtain the rational configuration scheme. The prediction results showed that the imbalance between supply and demand of WLRs will intensify in the Yiluo River Basin. After configuration, the water shortage, water consumption, pollutant discharge, and soil erosion will be mitigated, and the ecosystem service function will be enhanced during the research period. It was proposed to enhance the WLR quality by strengthening the supply capacity, raising the utilization efficiency, reducing pollution, and safeguarding the ecological function. The research results will provide theoretical and technical references for the meticulous management of WLRs.",environmental science
"As more satellite imagery has become openly available, efforts in mapping the Earth's surface have accelerated. Yet the accuracy of these maps is still limited by the lack of",environmental science
"MXene-based materials have attracted significant interest due to their distinct physical and chemical properties, which are relevant to fields such as energy storage, environmental science, and biomedicine. MXene has shown potential in the area of tissue regenerative medicine. However, research on its applications in tissue regeneration is still in its early stages, with a notable absence of comprehensive reviews. This review begins with a detailed description of the intrinsic properties of MXene, followed by a discussion of the various nanostructures that MXene can form, spanning from 0 to 3 dimensions. The focus then shifts to the applications of MXene-based biomaterials in tissue engineering, particularly in immunomodulation, wound healing, bone regeneration, and nerve regeneration. MXene's physicochemical properties, including conductivity, photothermal characteristics, and antibacterial properties, facilitate interactions with different cell types, influencing biological processes. These interactions highlight its potential in modulating cellular functions essential for tissue regeneration. Although the research on MXene in tissue regeneration is still developing, its versatile structural and physicochemical attributes suggest its potential role in advancing regenerative medicine.",environmental science
"The global trade in transportation industry has complex socio-economic, resource, and environmental (SRE) footprints. Linking these footprints with sustainability frameworks is crucial for driving transportation industry sustainability (TI-S). Here, we analyze these footprints and develop a TI-S assessment system with 26 SRE indicators for 16 TI-S targets. We find that global trade increases TI-S scores; developed economies excel in resource and environmental targets, developing economies progress more in employment and tax targets. For South Africa, Russia, and Australia, improvements in the socio-economic target scores do not offset decreases in resource and environmental target scores. In terms of interaction between the targets, global trade enhances synergies among the 16 targets in developed economies; this is not consistently the case for developing economies. These findings highlight the heterogeneous impact of trade on TI-S. The paper closes by proposing measures to promote TI-S progress, which could help inform adjustments in industrial policies.",environmental science
"This perspective explores the multifaceted development challenges related to road network expansion in sub-Saharan Africa, where recent infrastructure investments reflect transformative ambitions but also imply socio-ecological tradeoffs. Roads can boost economic growth by facilitating trade, tourism, and access to essential services, yet they simultaneously contribute to ecosystem fragmentation, biodiversity loss, and human-wildlife conflicts. Looking at the history of Africa's road development, we find that mega-projects-often funded by international donors-reshape political and economic landscapes while altering rural livelihoods and ecosystems. We synthesize literature and case studies to reveal critical trends and propose solutions, urging for a shift toward sustainable, evidence-based infrastructure strategies that balance development with environmental stewardship. We further advocate for transdisciplinary approaches and community engagement to align road expansion with long-term stakeholder needs so as to minimize adverse impacts on Africa's socio-ecological systems.",environmental science
"Climate change is a pressing issue that necessitates a climate-literate population. This systematic literature review investigates how climate knowledge, a key component of climate literacy, is measured in scientific research. Analysis of 92 studies reveals that climate knowledge is primarily assessed as objective knowledge (facts and evidence). A minority of studies measured subjective knowledge. Most often, the target population was general adult population, followed by students and teachers. Furthermore, most studies are concentrated in North America and Europe, while climate knowledge remains underexplored in other regions. This review highlights the lack of consistency in the measurement of climate knowledge, particularly in defining its dimensions. Our findings underscore the need for future research to focus on developing a standardized, reliable, valid, and comprehensive instrument for measuring climate knowledge. This would enable the comparison of findings across different regions and populations.",environmental science
"Computational spectrometers enable low-cost, in-situ, and rapid spectral analysis, with applications in chemistry, biology, and environmental science. Traditional filter-based spectral encoding approaches typically use filter arrays, complicating the manufacturing process and hindering device consistency. Here we propose a computational spectrometer spanning visible to mid-infrared by combining the Single-Spinning Film Encoder (SSFE) with a deep learning-based reconstruction algorithm. Optimization through particle swarm optimization (PSO) allows for low-correlation and high-complexity spectral responses under different polarizations and spinning angles. The spectrometer demonstrates single-peak resolutions of 0.5 nm, 2 nm, 10 nm, and dual-peak resolutions of 3 nm, 6 nm, 20 nm for the visible, near, and mid-infrared wavelength ranges. Experimentally, it shows an average MSE of 1.05 × 10⁻³ for narrowband spectral reconstruction in the visible wavelength range, with average center-wavelength and linewidth errors of 0.61 nm and 0.56 nm. Additionally, it achieves an overall 81.38% precision for the classification of 220 chemical compounds, showcasing its potential for compact, cost-effective spectroscopic solutions.",environmental science
"The EAACI Guidelines used the GRADE approach to evaluate the impact of major indoor air pollutants (dampness and mould, cleaning agents, volatile organic compounds and pesticides) on the risk of new-onset asthma and on asthma-related outcomes. The guideline also acknowledges the synergies among indoor air pollutants and other components of the indoor exposome (allergens, viruses, endotoxins). Very low to low certainty of evidence was found for the association between exposure to indoor pollutants and increased risk of new-onset asthma and asthma worsening. Only for mould exposure there was moderate certainty of evidence for new-onset asthma. Due to the quality of evidence, conditional recommendations were formulated on the risk of exposure to all indoor pollutants. Recommendations are provided for prevention, patient care and mitigation in a framework supporting rational decisions for healthcare professionals and patients to individualize and improve asthma management. For policymakers and regulators this evidence-informed guideline supports setting legally binding standards and goals for indoor air quality at international, national and local levels. Asthma management counselled by the current EAACI guidelines can improve asthma-related outcomes but community and governmental measures for improved indoor air quality are needed to achieve significant impact.",environmental science
"In recent years, N-(1,3-dimethylbutyl)-N'-phenyl-p-phenylenediamine (6PPD) has attracted significant attention in environmental science, yet its behavior in biological systems remains poorly understood. This study involved a 28-day zebrafish exposure experiment at three concentrations (2, 20, and 200 μg/L), to investigate its physiologically based toxicokinetic (PBTK) properties, the formation of biotransformation products, and the metabolic characteristics of liver tissue. The results indicated that the liver and intestines are key organs for 6PPD accumulation, with tissue-specific distribution patterns. The biotransformation of 6PPD in the liver involves various phase I and phase II metabolic reactions, including hydroxylation, N-dealkylation, and sulfation processes. Furthermore, Metabolomics analysis revealed substantial changes in both the diversity and abundance of liver metabolites with increasing 6PPD concentrations, particularly in key biological processes such as lipid metabolism, amino acid metabolism, and redox balance. Notably, significant disruptions in sphingolipid and glycerophospholipid pathways suggest 6PPD may impair membrane fluidity and stability, potentially leading to membrane damage and dysfunction. Overall, this study provides crucial insights into the biological behavior of 6PPD in zebrafish, contributing essential knowledge for its ecotoxicological evaluation.",environmental science
"Phytoremediation stands at the forefront of modern environmental science, offering an innovative and cost-effective solution for the remediation of heavy-metal-contaminated soils through the natural capabilities of plants. This study aims to investigate the effects of lead (Pb) and cadmium (Cd) metals on plant growth (e.g., seedling height, stem diameter, fresh and dry weight), physiological properties (e.g., tissue relative water content, tissue electrical conductivity), and biochemical parameters (e.g., chlorophyll content, superoxide dismutase (SOD), catalase (CAT), peroxidase (POD) enzyme activities) of maize compared to the control group under greenhouse conditions at the Atatürk University Plant Production Application and Research Center. The results show that plant height decreased by 20% in the lead (Pb3000) application and by 42% in the cadmium (Cd300) application compared to the control group. The highest Pb dose (Pb3000) caused a 15% weight loss compared to the control, while the highest Cd dose (Cd300) caused a weight loss of 63%. The accumulation rates of heavy metals in soil, roots, and aboveground parts of plants indicated that maize absorbed and accumulated more Cd compared to Pb.",environmental science
"One major environmental concern is the lead (Pb) pollution from automobile traffic, especially in highway-side grazing areas. Sheep grazing in Pb-contaminated areas are particularly vulnerable because Pb exposure from soil, water, and feed can have harmful effects that impair their general health, reproductive capability, and immune systems. Long-term hazards to cattle from persistent Pb exposure include neurotoxicity, hematological abnormalities, reproductive health problems, and immunosuppression. These can have serious consequences, such as reduced productivity and even mortality. Additionally, through the food chain, Pb bioaccumulation in lamb tissues directly endangers human health. Pb poisoning is caused by a variety of intricate mechanisms, including disturbances in calcium-dependent processes, oxidative stress, and enzyme inhibition. To mitigate these risks, an interdisciplinary approach is essential, combining expertise in environmental science, toxicology, animal husbandry, and public health. Effective strategies include rotational grazing, alternative foraging options, mineral supplementation, and soil remediation techniques like phytoremediation. Additionally, the implementation of stringent regulatory measures, continuous monitoring, and community-based initiatives are vital. This review emphasizes the need for comprehensive and multidisciplinary methodologies to address the ecological, agricultural, and public health impacts of Pb pollution. By integrating scientific expertise and policy measures, it is possible to ensure the long-term sustainability of grazing systems, protect livestock and human health, and maintain ecosystem integrity.",environmental science
"This review explores the complex relationship between climate change and cardiovascular health. It examines the mechanisms through which climate change impacts cardiovascular risk, highlights recent findings on regional trends, and discusses mitigation strategies. Climate change significantly contributes to cardiovascular morbidity and mortality through mechanisms such as temperature extremes, air pollution, and food insecurity. Heatwaves increase risks of dehydration, electrolyte imbalance, and acute cardiovascular events, while cold spells exacerbate myocardial stress and pollution-related cardiovascular risks. Air pollution, including fine particulate matter (PM2.5), induces systemic inflammation, endothelial dysfunction, and atherosclerosis. Emerging data highlight regional variations, with urbanization exacerbating risks in Asia-Pacific and Middle Eastern populations, while extreme heat and cold challenge resilience in Europe and Latin America. Studies also link socioeconomic stress from climate-induced displacement and resource shortages to chronic cardiovascular conditions. Notably, urban greening and air quality regulations demonstrate potential for reducing cardiovascular risks. Climate change amplifies cardiovascular risks through diverse mechanisms, disproportionately affecting vulnerable populations. Targeted strategies, including public health campaigns, sustainable urban planning, and technological innovations, can mitigate these risks. Advances in generative artificial intelligence and big data analytics offer opportunities to tailor interventions and enhance predictive modeling. A multidisciplinary approach integrating public health, environmental science, and clinical expertise is critical to addressing these challenges. Urgent action is required to mitigate the long-term cardiovascular impacts of climate change and foster resilient health systems globally.",environmental science
"Microplastics (MPs), defined as plastic debris, smaller than <5 mm, are viewed as persistent contaminants that significantly modify terrestrial ecosystems and biodiversity by altering soil microbiota, structure, and functions. This paper summarizes MPs' interactions with various pollutants, including heavy metals and pesticides, also addressing socio-economic impacts, such as reduced agricultural yields and threats to regional fisheries. The study emphasizes the need for an on the basis of waste management model to mitigate these effects, advocating for collaborative efforts among stakeholders. Also, interdisciplinary studies incorporating material sciences, ecology, and environmental policy are essential to confront the challenges of MPs to ecological services. Additionally, the review highlights how MPs can serve as vectors for toxins to damage soil health and species survival. The overview underscores a complex interplay between environmental and socio-economic systems, addressing the urgency of harnessing MPs pollution and protecting ecosystem integrity and sustainability.",environmental science
"Water, energy, and food (WEF) are central to sustainable development as they are vital for socio-ecological and socio-economic sustainability and human and environmental wellbeing. How the three are used and managed is central to either the aggravation of climate change or the enhancement of resilience and adaptation strategies. This mixed transdisciplinary study developed a WEF nexus-based framework to guide strategic policy decisions to catalyze progress toward achieving sustainable development goals. The aim is to guide the cross-sectoral management of resources for sustainable development under climate change, increasing demand, depletion, degradation, and uncertainty. Past and present data on resource management was assessed to comprehend future availability toward achieving sustainable development outcomes for people and the planet. The fundamentals of holistic WEF resources management were assessed, highlighting the significance of transformative, cross-sectoral, and circular approaches in enhancing resource use efficiency and sustainability. This is critical for informing sustainable natural resources management decisions.",environmental science
"The article investigates the evolution of green finance research through bibliometrics using 1923 publications from the Web of Science. It identifies key contributors, influential publications, and collaboration networks, while revealing three distinct research stages: (1) carbon finance and markets (2008-2010), (2) climate finance, climate policy, and climate change (2011-2017), and (3) sustainable development goals and financial development (2018-2022). Emerging topics such as green energy, green technology, carbon emissions, and the digital economy are highlighted. The result emphasizes the interdisciplinary nature of green finance, intersecting with environmental science, economics, and technology. The increasing publication and citation trends post-2019 reflect the growing importance of green finance in addressing global sustainability challenges. The findings offer valuable insights for researchers, policymakers, and practitioners, helping to identify knowledge gaps and future directions in green finance.",environmental science
"The high relevance of electron solvation in several branches of physics, chemistry, and environmental science arises from its efficient electron transfer mechanism. The effect of solvated electrons on solvent structure has been considered local and transient due to a lack of real-space studies. An experiment was designed to study the impact of solvated electrons on the ammonia structure while adsorbed to Cu(110) using low-temperature scanning tunneling microscopy with an adjoined femtosecond laser. The enhanced molecular kinetics induced by the solvated electrons are explained using density functional theory and first-principles molecular dynamics. The electrons have a substantially different impact on the kinetics of ammonia within clusters below and above a cluster size threshold, reflecting hydrogen bond rearrangement (mass transport) and hydrogen bond cleavage (desorption), respectively. This size-dependent effect has implications on the efficiency of processes that involve solvated electrons. Altering the solvent structure more than transiently demands the subsequent solvation of two electrons.",environmental science
"Reference evapotranspiration (ETo) is essential for agricultural water management, crop productivity, and irrigation systems. The Penman-Monteith (PM) equation is the standard method for estimating ETo, but its data-intensive nature makes it impractical, especially in situations where the cost of full standardized weather station is prohibitive, maintenance is inadequate, or data quality and continuity are compromised. To overcome those limitations, various semi-physical (SP) and empirical models with limited weather parameters were developed. In this context, artificial intelligence methods for ETo estimation are gaining more attention, balancing simplicity, minimal data requirements, and high accuracy. However, their data-driven nature raises concerns regarding explainability, trustworthiness, adherence to bio-physical laws, and reliability in operational settings. To address this issue, this paper, inspired by the emerging field of Physics-Informed Neural Networks (PINNs), evaluates the integration of SP models into the loss function during the learning process. The new residual loss combines two losses -the data-driven loss and the loss from SP- through a θ parameter, allowing for a convex combination. In-situ agrometeorological data were collected at four automatic weather stations in Tensift Watershed in Morocco, including air temperature (Ta), solar radiation (Rs), relative humidity (RH), and wind speed (Ws). The study integrates Priestley-Taylor (PT), Makkink (MK), Hargreaves-Samani (HS), and Abtew (AB), under four scenarios of data availability levels: (1) Ta, Rs and RH; (2) Ta and Rs; (3) only Ta; and (4) only Rs. The investigation begins with quality-controlling the data and studying the driving factors of ETo. Next, the SP models were calibrated using the CMA-ES optimization algorithm. The proposed PINN was trained and evaluated, first, for the equal contribution scenario (θ = 0.5) and then for θ in the interval [0, 1] with a step of 0.2, thus analyzing the impact of θ on the PINN performance. For the equal contribution, the results showed that the integration had improved the PINN performance in all scenarios in terms of the RMSE and R",environmental science
"Microplastics (MPs) are emerging contaminants characterized by persistence, cross-media transport, and complex pollutant interactions, posing serious ecotoxicological risks to ecosystems and human health. Effective MPs management requires multi-faced, long-term, strategies involving targeted sampling, quantitative detection, and comprehensive risk assessments, all of which entail significant resource investment. Despite advancements in remediation technologies, a holistic governance framework integrating these innovations remains underdeveloped. This review synthesizes current knowledge on MPs, elaborating on their diverse morphologies, degradation pathways, and their role as vectors for toxic substances. State-of-the-art extraction techniques are evaluated in this article, including micropore adsorption using nanocomposites, alongside the incorporation of advanced analytical tools such as spectroscopic methods, electron microscopy, and bioinformatics to augment environmental forensics. This review also underscores the necessity of formulating robust global policies to regulate MPs pollution and discusses the potential of biodegradation and thermal degradation as sustainable solutions for MPs removal. By promoting an interdisciplinary approach, this review advocates for a coordinated global response, integrating environmental science, policy frameworks, and waste management strategies to mitigate the escalating impact of MPs on ecosystems and human well-being.",environmental science
"The hormesis effect has gradually become a research focus in environmental science and toxicology due to its unique phenomenon of low-concentration stimulation and high-concentration inhibition. The combined toxicity of antibiotics and their regulatory effects on microorganisms are areas that warrant significant attention. In this study, doxycycline hydrochloride (DXC), sulfamethoxazole (SMX) and sulfamethazine (SMZ) were used as the research objects, and Scenedesmus obliquus was used as the indicator organism to study their toxicity and action laws at different exposure times (4d and 8d). The toxic effects of antibiotic mixtures with hormesis effect on Scenedesmus obliquus were comprehensively evaluated from the aspects of growth inhibition, photosynthesis index and antioxidant enzyme activity. The results showed that 11 rays produced hormesis effect, and the hormesis effect value on the 8th day was greater than that on the 4th day. Through the prediction of combined toxicity, it was found that the type and intensity of action were affected by the mixture composition, exposure time and concentration. Hormesis is caused by the regulation of photosynthesis, the activation of the antioxidant defense system, the regulation of gene expression, and the change in cell membrane permeability. This study provides a theoretical basis for comprehensively understanding the environmental toxicity caused by antibiotic mixtures with a hormesis effect.",environmental science
"This paper aims to develop a conceptual and theoretical perspective on sustainable lifestyle change according to a multidisciplinary approach. In particular, we discuss the interplay between three orders of factors that, according to the literature and to our conceptual model, are relevant in shaping sustainable lifestyles and lifestyle change in people daily life contexts, such as their living neighbourhoods. The three orders of factors are the following: (1) Individual level factors (as typically present and discussed in the environmental psychology literature; e.g., attitudes, values, beliefs, intentions, emotions, connection to nature, etc.); (2) Collective level factors (as typically present and discussed in the social psychology and sociology literature; e.g., social capital, social norms, social and place identity, sense of community, place attachment, energy memories & energy cultures); (3) Contextual factors (as typically present and discussed in the environmental science and economic literature; e.g., regulations, technology, infrastructures, economic resources, etc.). For each of these three levels, we will present and discuss some classical and recent literature findings, and we will provide a summary of the current state of the art knowledge about sustainable lifestyle adoption in neighbourhoods' contexts.",environmental science
"This review explores the use of biogenic templates in nanomaterial synthesis, emphasizing their role in promoting environmentally sustainable nanotechnology. It categorizes various biogenic templates, including agricultural byproducts and microorganisms, stating their suitability for forming nanostructures due to their distinct properties. A comparative analysis of monostep and multistep synthesis methods is provided, focusing on their efficiencies and outcomes when using biogenic templates. Further, this review also highlights how these templates can generate complex nanostructures and hybrid materials with enhanced functionalities. Applications of biogenic templates across biomedicine, biotechnology, environmental science, and energy are discussed along with their utilization scope in agriculture and electronics. Benefits from nanostructures from biotemplates include sustainability, low cost, and reduced toxicity, but challenges like scalability, reproducibility, and regulatory compliance persist. Future research focuses on improving synthesis techniques, discovering new templates, and evaluating environmental and cytotoxic impacts, especially for biomedical uses. In conclusion, the review reaffirms the potential of biogenic templates in sustainable nanomaterial synthesis while highlighting the ongoing challenges that need to be addressed for broader adoption.",environmental science
"Mosquito control using pyrethrins and synthetic pyrethroids (PSP) is important for preventing vector-borne diseases. Although the benefits associated with PSP use are well-documented, public concern exists regarding potential human adverse health effects. The aim of this scoping review was to describe adverse human health effects associated with PSP use for community adult mosquito control. A literature search using the databases MEDLINE, EMBASE, Agricultural and Environmental Science Collection, CAB Abstracts, and Scopus obtained 6,154 original peer-reviewed articles published during 1 January 2000 to 22 May 2024. Articles were independently reviewed for inclusion using predetermined exclusion and inclusion criteria. Data were extracted from 10 included articles. Study designs included cohort (n = 5), cross-sectional (n = 2), and risk assessment (n = 4). One article included 2 study designs. Of the cohort studies, one was prospective and the remainder were retrospective. A causal relationship between PSP application for adult mosquito control and adverse human health impacts was not identified. No increases in acute health manifestations were reported. The 4 risk assessments estimated that PSP exposures were not above the regulatory level of concern; a meta-analysis determined the likelihood of PSP exposures exceeding the regulatory level of concern was <0.0001. The limited evidence indicated that PSP applied appropriately for control of nuisance mosquitoes or mosquitoes that transmit arboviruses do not pose acute or chronic human health risks. Continued investigation into potential human health impacts of PSP would help inform guidelines for adult mosquito control and help inform public health decision making.",environmental science
"In this study, we successfully synthesized fluorescent carbon dots (CDs) through a one-pot hydrothermal method, utilizing tartaric acid, cysteine, and nickel chloride as precursors. This approach allowed for the incorporation of metal ion (nickel) as well as nitrogen and sulfur heteroatoms into the carbon dot structure, resulting in nickel-doped, nitrogen, and sulfur-co-doped CDs (Ni/NS-CDs). A comprehensive characterization of the Ni/NS-CDs was conducted using FT-IR, XRD, Raman, XPS, and HR-TEM analysis confirmed the successful doping of nickel, nitrogen, and sulfur into the Ni/NS-CDs. HR-TEM analysis showed that the synthesized Ni/NS-CDs were spherical with a well-monodispersed average particle size of 2.1 ± 0.2 nm. The Ni/NS-CDs displayed strong fluorescence with excitation-dependent emission behavior and a high quantum yield of 23.60 %. When excited at 480 nm, the Ni/NS-CDs exhibited bright green emission at 524 nm, showcasing their excellent fluorescent characteristics. Additionally, the Ni/NS-CDs demonstrated remarkable stability across a broad pH range and high salt ionic strengths, further enhancing their practical applicability in diverse environments. The Ni/NS-CDs showed high sensitivity and selectivity towards Mg",environmental science
"The exponential rise in plastic production since the mid-20th century has led to the widespread existence of microplastics in various ecosystems, posing significant environmental and health concerns. Microplastics, defined as plastic particles smaller than 5 mm, have infiltrated diverse environments, including oceans, freshwater bodies, and even remote Arctic ice. Their ability to absorb toxic chemicals and serve as vectors for microbial colonization raises concerns about their impacts on aquatic organisms and human health. This review examines the pathways by which microplastics infiltrate the food chain, highlighting their presence in various food items consumed by humans. Furthermore, it explores the nexus between microplastics and antimicrobial resistance (AMR), elucidating how microorganisms inhabiting plastic surfaces facilitate the transmission of antibiotic resistance genes (ARGs). The review underscores the urgent need for interdisciplinary research integrating environmental science, microbiology, public health, and policy to address the multifaceted challenges posed by microplastics. Standardized protocols for sampling and analysis are essential to enable meaningful comparisons across research and regions. By collectively addressing these challenges, we can strive towards a more sustainable and resilient future for ecosystems and human societies.",environmental science
"Klebsiella variicola has been implicated in neonatal intensive care unit (NICU) outbreaks previously and can be misidentified as Klebsiella pneumoniae. An increased incidence of K. pneumoniae bacteremia on the NICU of our institution was notified to the infection prevention and control (IPC) team in May 2024. The four isolates involved displayed wild-type susceptibility, so had not been detected via multidrug-resistant organism surveillance. This triggered investigation with a nanopore-based decentralized whole-genome sequencing (dWGS) system in operation at our laboratory. Since early 2022, the hospital laboratory at Wellington Regional Hospital has been performing dWGS using the Oxford Nanopore MinION device. This allows for prospective genomic surveillance of certain hospital-associated organisms, but also rapid reactive investigation of possible outbreaks. Isolates are sequenced in the hospital laboratory and undergo multilocus sequence typing (MLST). If transmission events are suspected, sequence data are transferred to the reference laboratory, the Institute for Environmental Science and Research (ESR) for high-resolution bioinformatic analysis. Within 48 h of notification isolates had been subcultured and sequenced. This showed that three of four isolates were in fact K. variicola, and two of these were sequence type (ST)6385. This sequence type had not been seen previously at our institution, so transmission was suspected. Environmental sampling revealed K. variicola ST6385 in two sink traps on the unit, and prospective sequencing of all K. pneumoniae isolates from NICU samples revealed two further infants with K. variicola ST6385. Subsequent phylogenetic analysis at ESR using original sequence data showed tight clustering of these isolates, confirming an outbreak. Sink traps were disinfected, environmental cleaning procedures were updated, and a strict focus on hand hygiene was reinforced on the ward. No further isolates were detected, and the outbreak was closed after two months. Access to dWGS at the level of the local hospital laboratory permitted rapid identification of an outbreak of an organism displaying no unusual antimicrobial resistance features at a point where there were only two known cases. This in turn facilitated a rapid IPC response.",environmental science
"Schwertmannite (Sch) is a typical metastable iron hydroxysulfate mineral found in acid sulfate soil and mine drainage, and it is susceptible to environmental factors and the transformation and concomitant release and re-adsorption of trapped heavy metals. Therefore, understanding the mechanism that induces Sch transformation and governs heavy metal redistributions is integral for both environmental science and geochemistry research. Given the widespread environmental accumulation of surfactants through human activities, an important yet understudied question arises: How do surfactants influence the transformation of Sch under such environmental conditions? To answer this query, this study investigated the transformation of chromium (Cr)-bearing schwertmannite (Sch-Cr) induced by anionic and cationic surfactants and the subsequent redistribution of Cr(VI). Both the surfactant type and pH affected the transformation of minerals. Specifically, at pH 3.0, goethite was the final product, in which the anionic and cationic surfactant promoted and inhibited mineral transformation, respectively. At pH 6.5, hematite was the final transformation product and both anionic and cationic surfactants inhibited the transformation of minerals. For the initial fixed Cr(VI), after 20 d of aging in the presence of sodium dodecylbenzesulfonate (SDBS), Cr(VI) mainly existed in the form of a solution, whereas in the presence of cetrimonium bromide (CTAB), Cr(VI) mainly existed in the newly formed secondary minerals. This study reveals the complex geochemical behavior of Sch under environmental disturbances in acid sulfate soils and provides insights into the use and potential exploitation of Sch as an adsorbent for heavy metal elements.",environmental science
"Compared to air pollution, the Coal to Electricity (CtE) policy's impacts on the power system are less discussed. As China transitions to carbon neutrality, unstable wind, and photovoltaic (PV) units exacerbate power dispatching challenges amid increased heating loads. We simulate the electric heating and cooking loads in the ""2 + 26"" cities and integrate them into a provincial power dispatch model to assess CtE's influence. CtE shows a slight CO",environmental science
"Microplastics (MPs), widely found in aquatic environments, pose a growing threat to environmental and biological health due to their complex interactions with pollutants and microorganisms. This study investigates the adsorption characteristics of clothianidin (CLO) on polystyrene (PS) and photoaged polystyrene (P-PS) and explores the neurotoxic effects of CLO combined with PS/P-PS in larval zebrafish (Danio rerio). Adsorption kinetics and isotherms showed that P-PS exhibited a higher adsorption capacity and faster equilibrium compared to PS, indicating the significant role of photoaging in enhancing CLO adsorption. Exposed to CLO combined with PS/P-PS resulted in reduced locomotor activity, particularly in the P-PS + CLO group, suggesting amplified neurotoxicity due to P-PS. Analysis of the hypothalamic-pituitary-interrenal (HPI) axis revealed elevated levels of adrenocorticotropic hormone (ACTH) and cortisol, along with downregulated expression of stress-related genes in co-exposed zebrafish, indicating disruption of neuroendocrine function. Neurotransmitter analysis showed significant changes in acetylcholine (ACh), dopamine (DA), serotonin (5-HT), and γ-aminobutyric acid (GABA) levels, further confirming the neurotoxic impact of co-exposure. The findings highlight the synergistic neurotoxicity of CLO and photoaged MPs, with potential implications for aquatic ecosystems. This study advances the field of environmental science by addressing critical knowledge gaps in pollutant-microplastic interactions, providing a foundation for developing targeted mitigation strategies and enhancing ecological risk management frameworks.",environmental science
"Single-atom catalysts exhibit the excellent catalytic activity and selectivity, making them widely applicable in the fields of advanced materials, environmental science, and chemical synthesis. However, understanding the mechanism of single-atom catalytic reactions, such as the hydrogen generation reaction, is still challenging, which notably hampers the optimization and precise control of the reaction. Here, we immobilize a single-metal atom model catalyst into a single-molecule electrical detection platform for in situ monitoring of the catalytic hydrogen generation process at the single-event level. In combination with theoretical and experimental studies, the catalytic mechanisms of the hydrogen generation reaction, especially the selection of the catalytic center through charge, spin, and orbital quantum control, are elucidated. In addition, a hydrogen generation process via quantum spin-induced catalysis is observed, in which the turnover frequency increases by about 65 times at a magnetic field of 50 mT. This study provides valuable insights into the intrinsic mechanism of single-metal atom catalysis and opens up unique avenues for their precise control, thus offering a useful strategy for efficiently developing clean energy.",environmental science
"Bioinformatics, an interdisciplinary field combining biology and computer science, enables meaningful information to be extracted from complex biological data. The exponential growth of biological data, driven by high-throughput omics technologies and advanced sequencing methods, requires robust computational resources. Worldwide, bioinformatics skills and computational clusters are essential for managing and analysing large-scale biological datasets across health, agriculture, and environmental science, which are crucial for the African continent. In Burkina Faso, the establishment of bioinformatics infrastructure has been a gradual process. Initial training initiatives between 2015-2016, including bioinformatics courses and the establishment of the BurkinaBioinfo (BBi) platform, marked significant progress. Over 250 scientists have been trained at diverse levels in bioinformatics, 105 user accounts have been created for high-performance computing access. Operational since 2019, this platform has significantly facilitated training programs for scientists and system administrators in west Africa, covering data production, introductory bioinformatics, phylogenetic analysis, and metagenomics. Financial and technical support from various sources has facilitated the rapid development of the platform to meet the growing need for bioinformatics analysis, particularly in conjunction with local 'wet labs'. Establishing a bioinformatics cluster in Burkina Faso involved identifying the needs of researchers, selecting appropriate hardware and installing the necessary bioinformatics tools. At present, the main challenges for the BBi platform include ongoing staff training in bioinformatics skills and high-level IT infrastructure management in the face of growing infrastructure demands. Despite these challenges, the establishment of a bioinformatics platform in Burkina Faso offers significant opportunities for scientific research and economic development in the country.",environmental science
"Supramolecular polymers represent a distinctive class of polymers exhibiting similarities with covalent polymers, while also showcasing distinctive attributes such as responsiveness, reversibility, self-healing, and dynamism, which are conferred upon them by non-covalent interactions including hydrogen bonding, electrostatic interactions, van der Waals forces, π-π arrangements, and donor-acceptor interactions, among others. The noteworthy features of these supramolecular polymers have attracted considerable interest across diverse fields of science and technology, spanning electrochemistry, environmental science, drug delivery and tissue engineering. Nonetheless, the prevailing research focus in the realm of supramolecular polymers revolves around the advancement of novel methodologies aimed at synthesizing a broad spectrum of polymers characterized by diverse topologies. However, to fully capitalize on their potential applications within these domains, it is imperative to scrutinize these versatile polymers through the lens of thermodynamic and kinetic stability. Moreover, their integration into healthcare and medical realms necessitates rigorous assessment of safety and biocompatibility attributes. Thus, the present review endeavours to critically evaluate supramolecular polymers from perspectives of stability, safety, and regulatory considerations, thereby elucidating their potential for translation into commercial domains.",environmental science
"Compound-specific stable isotope analysis (CSIA) using liquid chromatography-isotope ratio mass spectrometry (LC-IRMS) is a powerful tool for determining the isotopic composition of carbon in analytes from complex mixtures. However, LC-IRMS methods are constrained to fully aqueous eluents. Previous efforts to overcome this limitation were unsuccessful, as the use of organic eluents in LC-IRMS was deemed impossible. In our study, we developed a two-dimensional (2D) LC-IRMS method that, for the first time, enables the use of organic-containing eluents in an LC-IRMS setting. Initial experiments with caffeine were performed using a sample loop modulator with 20% methanol in the mobile phase of the first dimension, while separating the organic fraction from the analyte in the second dimension. Comparing results with one-dimensional (1D) LC-IRMS methods showed high precision with δ",environmental science
"Forest edges, where humans, mosquitoes, and wildlife interact, may serve as a nexus for zoonotic arbovirus exchange. Although often treated as uniform interfaces, the landscape context of edge habitats can greatly impact ecological interactions. Here, we investigated how the landscape context of forest edges shapes mosquito community structure in an Amazon rainforest reserve near the city of Manaus, Brazil, using hand-nets to sample mosquitoes at three distinct forest edge types. Sampling sites were situated at edges bordering urban land cover, rural land cover, and natural treefall gaps, while sites in continuous forest served as controls. Community composition differed substantially among edge types, with rural edges supporting the highest species diversity. Rural edges also provided suitable habitat for forest specialists, including key sylvatic vectors, of which",environmental science
"This review explores the use of Inductively Coupled Plasma Mass Spectrometry (ICP-MS) and X-ray Fluorescence (XRF) for quantifying metals and metalloids in biological matrices such as hair, nails, blood, bone, and tissue. It provides a comprehensive overview of these methodologies, detailing their technological limitations, application scopes, and practical considerations for selection in both laboratory and field settings. By examining traditional and novel aspects of each method, this review aims to guide researchers and clinical practitioners in choosing the most suitable analytical tool based on their specific needs for sensitivity, precision, speed, and sample preparation. Recent studies highlight enhanced capabilities of both ICP-MS and XRF technologies, making them more adaptable to various analytical needs. ICP-MS is renowned for its unmatched sensitivity and precision in detecting ultra-trace metals and metalloids in complex biological samples, such as lead in plasma or seawater. XRF advancements include lower detection limits and reduced sample preparation time, enabling rapid, non-destructive analyses, ideal for quick field assessments. Portable XRF analyzers have revolutionized on-the-spot testing, providing robust data without traditional wet-lab constraints. Moreover, hybrid techniques combining ICP-MS and XRF features are emerging, offering rapid and precise metal analysis for environmental monitoring, clinical diagnostics, and epidemiological studies. Matching analytical methods to specific research demands is critical. ICP-MS is the gold standard for detailed quantitative analysis in laboratories, while XRF excels in non-destructive, immediate field applications. Selection should consider sample complexity, sensitivity, speed, and cost-efficiency. Integrating ICP-MS and XRF offers a versatile approach to metals analysis, transforming practices in environmental science and healthcare diagnostics. As these technologies evolve, they are promising to expand capabilities in detecting and understanding the roles of metals and metalloids in health and the environment.",environmental science
"Holey nanographene, an allotrope of carbon arranged in two dimensions, has gained remarkable attention as a nanomaterial with several potential uses in numerous industries, such as electronics, energy storage, healthcare, and environmental cleanup, because of its high carrier mobility, flexibility, transparency, high surface area, conductivity, and chemical stability. The fundamental holey nanographene is assembled in a linear form to create the holey nanographene chain (HNC) that is being discussed. To fully utilize it in various applications, it is essential to comprehend the basic ideas guiding its behavior at the nanoscale; for that, we find various topological indices for this holey nanographene chain using the cut method. Because topological indices are a robust mathematical tool that links molecular structure with chemical, physical, and biological properties, they are essential in diverse areas, namely chemistry, pharmaceutical research, environmental science, and materials science METHODS: The cut method is essential for calculating topological indices in large structures as standard definitions become increasingly complex for such computations. In this study, we apply the cut method to compute each topological index for holey nanographene structures, which involves extensive summations. MATLAB software is employed to simplify these calculations. To generate the DDSV (Distance Degree Sequence Vector) for each vertex within any dimension of holey nanographene, we utilize the NEWGRAPH interface. Python code is then used to analyze the DDSVs assigned to each vertex. Additionally, MATLAB code is applied to validate the numerical results derived from analytical formulae for the topological indices of the HNCs under consideration.",environmental science
"Magnetic nanoparticles (MNPs) are advanced materials that combine the unique properties of magnetic materials and nanoscale dimensions, enabling a wide range of applications in biomedicine, environmental science, and information technology. This review provides a comprehensive yet accessible introduction to the fundamental principles, characterization techniques, and diverse applications of MNPs, with a focus on their nanoscale magnetic properties, such as superparamagnetism, single-domain behavior, and surface effects. It also delves into their classification and the critical role of parameters like magnetic anisotropy and blocking temperature. Emphasis is placed on routine characterization methods, including X-ray diffraction, electron microscopy, and magnetometry, as well as advanced concepts like magnetic hyperthermia and self-regulated heating. Designed for newcomers and experts alike, this review serves as both an educational guide and a quick-reference resource, ensuring clarity while maintaining scientific rigor.",environmental science
"This work explores the mathematical technique known as the Hirota bilinear transformation to investigate different wave behaviors of the nonlinear Rosenau equation, which is fundamental in the study of wave occurrences in a variety of physical systems such as fluid dynamics, plasma physics, and materials science, where nonlinear dynamics and dispersion offer significant functions. This equation was suggested to describe the dynamic behaviour of dense discrete systems. We use Mathematica to investigate these wave patterns and obtained variety of wave behaviors, such as M-shaped waves, mixed waves, multiple wave forms, periodic lumps, periodic cross kinks, bright and dark breathers, and kinks and anti-kinks. These patterns each depict distinct qualities and behaviors of waves, offering insights into the interactions and evolution of waves. The results found that free parameters have a substantial impact on travelling waves, including their form, structure, and stability. With the aid of this software, we potray the dynamics of these waves in 3Ds, contours and densities plots, which enables us to comprehend how waves move and take on various forms. The novel component is the application of Hirota's bilinear approach to generate new form of solutions as highlighted above, analyse their interactions, and give better visualisations, which goes beyond prior soliton-focused investigations of the Rosenau problem. All things considered, our work advances our understanding of waves and nonlinear systems and demonstrates the value of mathematical techniques for understanding intricate physical phenomena. These results may have implications for a wide range of fields, including environmental science, engineering, and physics.",environmental science
"Persistent toxic substances (PTS) represent a paramount environmental issue in the 21st century. Understanding the concentrations and forms of PTS in the environment is crucial for accurately assessing their environmental health impacts. This article presents a concise overview of the components of PTS, pertinent environmental regulations, and conventional detection methodologies. Additionally, we offer an in-depth review of the principles, development, and practical applications of surface-enhanced Raman scattering (SERS) in environmental monitoring, emphasizing the advancements in detecting trace amounts of PTS in complex environmental matrices. Recent progress in enhancing SERS sensitivity, improving selectivity, and practical implementations are detailed, showcasing innovative materials and methods. Integrating SERS with advanced algorithms are highlighted as pivotal areas for future research.",environmental science
"Petroleum hydrocarbon pollution causes significant damage to soil, so accurate prediction and early intervention are crucial for sustainable soil management. However, traditional soil analysis methods often rely on statistical methods, which means they always rely on specific assumptions and are sensitive to outliers. Existing machine learning based methods convert features containing spatial information into one-dimensional vectors, resulting in the loss of some spatial features of the data. This study explores the application of Three-Dimensional Convolutional Neural Networks (3DCNN) in spatial interpolation to evaluate soil pollution. By introducing Channel Attention Mechanism (CAM), the model assigns different weights to auxiliary variables, improving the prediction accuracy of soil hydrocarbon content. We collected soil pollution data and validated the spatial distribution map generated using this method based on the drilling dataset. The results indicate that compared with traditional Kriging3D methods (R2 = 0.318) and other machine learning methods such as support vector regression (R2 = 0.582), the proposed 3DCNN based method can achieve better accuracy (R2 = 0.954). This approach provides a sustainable tool for soil pollution management, supports decision-makers in developing effective remediation strategies, and promotes the sustainable development of spatial interpolation techniques in environmental science.",environmental science
"Bisphenol A (BPA), a well-known endocrine-disrupting chemical, has garnered significant attention in environmental science and policy. BPA can enter the aquatic environment through different routes, posing potential risks even at a low concentration. In this study, a four-compartment system [water, sediment, biota (zebrafish), and submerged aquatic vegetation (Vallisneria natans)] of a point source continuous discharge microcosm was established to investigate the distribution and fate of BPA in an aquatic microcosm. The fugacity model generated predicted values were highly consistent with those of the experiments. The distribution of BPA in the model indicates that sediment was the dominant sink. The residence time of reaction and advection was 5.8 and 75.2 d, respectively, which showed that BPA was mainly removed from the aquatic microcosm through the reaction in biota (58 %). Sensitivity analysis revealed that emission data were the most influential parameters for the model output. Transfer processes between the water and biota phases had a closer relationship. This study provides technical support for pollution source management and risk assessment for BPA.",environmental science
"Air pollution exposure has been found to be linked with numerous adverse human health effects. Because both air pollution concentrations and the location of human individuals change spatiotemporally, understanding the time-activity patterns (TAPs) is of utmost importance for the mitigation of adverse exposures and to improve the accuracy of air pollution and health analyses. ""Time-activity patterns"" outlined here broadly refer to the spatiotemporal positions of individuals. In this review paper, we briefly review past efforts on collecting individual TAP information for air pollution and health studies, with a specific focus on California efforts. We also critically summarize emerging technologies and approaches for collecting TAP data. Specifically, we critically reviewed five types of emerging TAP data sources, including call detail record, social media location data, Google Location History, iPhone Significant Location, and crowd-sourced location data. This review provides a comprehensive summary and critique of different methods to collect TAP information and offers recommendations for use in retrospective air pollution and health studies.",environmental science
"In the emerging energy-sharing market, prosumers enhance resource allocation and promote low-carbon transitions through energy trade. Implicit carbon transfers in energy sharing necessitate scientific carbon responsibility allocation to guide prosumers' decisions in integrated electricity, heat, and carbon markets. To coordinate growing multi-prosumers, and stimulate multi-energy sharing and equitable carbon responsibility allocation, an innovative framework for joint multi-energy and carbon responsibility sharing is designed to enhance local energy transaction, carbon emission management, and mutual benefits under the guiding principles of individual rationality, low-carbon orientation, transparency, and scalability. Supported by the proposed mapping rules and tailored algorithms, multi-energy and carbon responsibilities are efficiently shared among multi-stakeholders. Numerical analysis confirms the model's effectiveness in improving economic and environmental outcomes, promoting low-carbon energy use, and prioritizing low-carbon participants. This research shifts prosumer development modes from individualization to group collaboration, advancing energy systems toward shared carbon responsibilities across supply and demand sides.",environmental science
"Based on the application demand of metal-organic framework (MOFs) materials in environmental science, energy conversion, biomedicine and other fields, its efficient synthesis method has attracted much attention. Microwave method has become one of the most competitive and potential methods because of its low cost, high efficiency and green environmental protection. However, the traditional microwave assisted synthesis of MOFs materials mostly uses microwave oven as the reaction chamber, or small-scale microwave reactor. There are many problems such as uneven heating, low microwave utilization rate and low one-time synthesis yield. In view of the above problems, the design and process optimization of a new type reaction chamber for microwave synthesis of MOFs materials were studied in this paper. A material synthesis reactor using waveguide as microwave source was designed. The structure model of the reactor was optimized by multi-physics numerical simulation, and better heating uniformity and microwave utilization were obtained. At the same time, the optimization test of key process parameters was designed by orthogonal method, and the optimal process parameter combination of this model for the synthesis of MOFs materials was obtained: microwave power is 200 W, irradiation time is 100 min, and reagent concentration is 50 mM/L. This study will promote the microwave method to achieve more efficient and uniform MOFs material synthesis, which is of great significance for further improving material yield and properties and industrial practical applications.",environmental science
"In recent years, public health has confronted 2 formidable challenges: the devastating COVID-19 pandemic and the enduring threat of climate change. The convergence of these crises underscores the urgent need for resilient solutions. Resilience informatics (RI), an emerging discipline at the intersection of informatics and public health, leverages real-time data integration from health systems, environmental monitoring, and technological tools to develop adaptive responses to multifaceted crises. It offers promising avenues for mitigating and adapting to these challenges by proactively identifying vulnerabilities and fostering adaptive capacity in public health systems. Addressing critical questions regarding target audiences, privacy concerns, and scalability is paramount to fostering resilience in the face of evolving health threats. The University of Arizona held a workshop, titled Resilience Informatics in Public Health, in November 2023 to serve as a pivotal forum for advancing these discussions and catalyzing collaborative efforts within the field. This paper aims to present a qualitative thematic analysis of the findings from this workshop. A purposive sampling strategy was used to invite 40 experts by email from diverse fields, including public health, medicine, weather services, informatics, environmental science, and resilience, to participate in the workshop. The event featured presentations from key experts, followed by group discussions facilitated by experts. The attendees engaged in collaborative reflection and discussion on predetermined questions. Discussions were systematically recorded by University of Arizona students, and qualitative analysis was conducted. A detailed thematic analysis was performed using an inductive approach, supported by MAXQDA software to manage and organize data. Two independent researchers coded the transcripts; discrepancies in coding were resolved through consensus, ensuring a rigorous synthesis of the findings. The workshop hosted 27 experts at the University of Arizona, 21 (78%) of whom were from public health-related fields. Of these 27 experts, 8 (30%) were from the field of resilience. In addition, participants from governmental agencies, American Indian groups, weather services, and a mobile health organization attended. Qualitative analysis identified major themes, including the potential of RI tools, threats to resilience (eg, health care access, infrastructure, and climate change), challenges with RI tools (eg, usability, funding, and real-time response), and standards for RI tools (eg, technological, logistical, and sociological). The attendees emphasized the importance of equitable access, community engagement, and iterative development in RI projects. The RI workshop emphasized the necessity for accessible, user-friendly tools bridging technical knowledge and community needs. The workshop's conclusions provide a road map for future public health resilience, highlighting the need for scalable, culturally sensitive, community-driven interventions. Future directions include focused discussions to yield concrete outputs such as implementation guidelines and tool designs, reshaping public health strategies in the face of emerging threats.",environmental science
"Air pollution poses significant health risks and influences migration patterns, making it a global concern with widespread implications. Understanding its effects on where migrants choose to reside can provide insights for addressing environmental and social challenges. Matching micro-survey data of 1.048 million migrants in China with the air quality data of 360 cities (2011-2017), we identified a significant negative impact of air pollution on migrants' willingness to reside. The subgroups of migrants with different household registration (urban and rural Hukou), occupation, education, income, and rent are affected by air pollution. During the observation period, the contribution of air pollution control to migrants' willingness to reside is 77.6% of the contribution of rising wage and exceeds the absolute value of the adverse contribution of rising house price. These findings suggest that air pollution control can promote environmental and socioeconomic progress by attracting more migrants, mitigating environmental injustice, and reducing inequality.",environmental science
"This study examines the behavior of the Casson nanofluid bioconvection flow around a spinning disc under various influences, including gyrotactic microorganisms, multiple slips, and thermal radiation. Notably, it accounts for the reversible nature of the flow and incorporates the esterification process. The aim of this study is to investigate the influence of reversible chemical reactions on the flow behavior of a Casson nanofluid in the presence of bioconvective microorganisms over a spinning disc. Specifically, the study seeks to understand how the non-Newtonian rheology of Casson fluids, enhanced by nanoparticles, affects heat and mass transfer and how bioconvection driven by motile microorganisms impacts the reaction kinetics and fluid dynamics. The significance of studying chemical reactions in Casson nanofluid flow with bioconvective microorganisms over a spinning disc lies in its broad applicability to fields such as chemical engineering, biomedical engineering, environmental science, and nanotechnology. Using the right variables to change the nonlinear partial differential equations (PDEs) that govern the problem into a system of ordinary differential equations (ODEs) is a key step toward finding numerical solutions. Using numerical methods such as the bvp4c approach, the study explores the solutions to these intricate equations. Key focus areas include assessing the impacts of different parameters on the thermal field, nanoparticle concentration, and microbiological field. Graphical representations provide information on the velocity, temperature, concentration, and microorganism profiles, elucidating the underlying physical effects. Furthermore, the study evaluates the wall shear stress, the local Nusselt number, the local Sherwood number, and the local motile density number, providing graphical explanations to elucidate these phenomena. Notably, it highlights the distinction in the rate of the motile density number between reversible and irreversible flows concerning Brownian motion and Peclet number. The findings of the theoretical simulations have significant implications for biotechnology and thermal engineering, offering dynamic insights into practical applications within these fields.",environmental science
"The growing concern over environmental pollution has spurred extensive research into various contaminants impacting ecosystems and human health. Emerging contaminants (ECs), including pharmaceuticals, personal care products, endocrine-disrupting chemicals, nanomaterials, and microplastics, have garnered significant attention due to their persistence, bioaccumulation, and toxicity. This study presents a comprehensive bibliometric analysis of EC research, aiming to detail the research landscape, highlight significant contributions, and identify influential researchers and pivotal studies. Data were sourced from the Web of Science, encompassing 62,670 documents from January 2000 to May 2024. Advanced bibliometric tools, including Bibliometrix, VOSviewer, and CiteSpace, were employed to analyze publication outputs, citation metrics, and collaboration patterns. The analysis revealed an exponential increase in EC research, with annual publications growing from fewer than 1,000 before 2006 to nearly 7,000 by 2022. Environmental Science & Technology emerged as the most influential journal. Based on the number of publications and citations as a country, China and the United States led in research outputs. Co-authorship and collaboration networks highlighted key hubs and prominent researchers, with significant contributions from environmental sciences, chemical engineering, and toxicology. Keyword co-occurrence analysis identified core themes, such as degradation, removal, and the impacts of ECs, reflecting evolving research interests and emerging topics. This bibliometric analysis provides valuable insights into the development and current state of EC research, serving as a resource for guiding future research efforts and fostering collaborations. The study indicates the critical need for continued research to address the challenges posed by ECs and develop effective regulatory policies and remediation strategies.",environmental science
"Carbon nanotubes (CNTs) have garnered significant interest in the field of nanotechnology owing to their unique structure and exceptional properties. These materials find applications across a diverse array of fields, including electronics, environmental science, energy, and biotechnology. CNTs serve as potent reinforcing agents in polymer composites; even minimal additions can significantly improve the mechanical, electrical, and thermal properties of polymers. With the growing demand for polymer composites across various industries, there is an anticipation for CNT/polymer composites to evolve in increasingly diverse directions. This paper reviews recent advancements in the manufacturing techniques of various CNT/polymer composites and discusses the enhancements in their mechanical, electrical, and thermal properties. Furthermore, it explores the potential applications of these composites.",environmental science
"This review highlights recent advancements and challenges in fluorescence-based chemical sensors for selective and sensitive detection of perchlorate, a persistent environmental pollutant and global concern due to its health and safety implications. Perchlorate is a highly persistent inorganic pollutant found in drinking water, soil, and air, with known endocrine-disruptive properties due to its interference with iodide uptake by the thyroid gland. Human exposure mainly occurs through contaminated water and food. Additionally, perchlorates are prevalent in improvised explosives, causing numerous civilian casualties, making their detection important in a worldwide aspect. Fluorescence-based chemical sensors provide a valuable tool for the selective detection of perchlorate ions due to their simplicity and applicability across various fields, including biology, pharmacology, military, and environmental science. This review article overviews perchlorate chemistry, occurrence, and remediation strategies, compares regulatory limits, and examines fluorescence-based detection mechanisms. It systematically summarizes recent advancements in designing at least a dozen fluorescence-based chemical materials for detecting perchlorate in the environment over the past decade. Key focus areas include the design and molecular architecture of synthetic chemical chromophores for perchlorate sensing and the photochemistry mechanisms driving their effectiveness. The main findings indicate that there has been significant progress in the development of reliable and robust fluorescence-based sensors with higher selectivity and sensitivity for perchlorate detection. However, several challenges remain, such as improving detection limits and sensor stability. The review outlines potential future research directions, emphasizing the need for further innovation in sensor design and development. It aims to enhance understanding and spur advances that could create more efficient and robust chemical scaffolds for perchlorate sensing. By addressing current limitations and identifying opportunities for improvement, the review provides a comprehensive resource for researchers working to develop better detection methods for this significant environmental pollutant.",environmental science
"Non-targeted screening (NTS) technology has been showing significant potential in identifying contaminants of emerging concern (CECs) in water and has attracted great attention in academia in recent years. It is a method that analyzes samples without pre-selecting substances, enabling the detection and identification of unknown compounds, which is crucial for environmental health and public protection. This study uses the Bibliometrix package in R 4.4.1 and CiteSpace 6.3.R1 software to statistically analyze 589 relevant publications from the Web of Science Core Collection from 2007 to 2024. Our work concentrates on NTS of water bodies; thus, articles that only analyze water sediments without analyzing the water were not considered for inclusion. By conducting a quantitative analysis and visualizing the publication trends, countries, authors, journals, and keywords, the present study identifies research hotspots, compositions, and paradigms within this field, trying to analyze the horizontal and vertical development trends and structural evolution of the research area. The research found that the application of NTS in water pollution studies has progressed through three phases: theoretical exploration, rapid development, and steady progress. From the national level, China leads with the highest number of publications (131), followed by Germany (105), Spain (50), and the United States (39). The top three authors by publication volume are J. Hollender, Nikolaos S. Thomaidis, and Emma L. Schymanski, while the top three by citation count are J. Hollender, Emma L. Schymanski, and M. Krauss. However, international collaboration between countries and researchers still remains an area for improvement. Science of the Total Environment is the journal with the highest number of publications (81), and Environmental Science & Technology holds the highest number of citations. Research on NTS methodologies, suspect screening, and health risk assessments are hot topics in the academic community. Future research is expected to be multidisciplinary, with emerging hotspots likely to focus on including the identification of novel pollutants through NTS, toxicity assessments of biotransformed compounds, and the health impacts and mechanisms of related compounds.",environmental science
"The rapid and precise identification of microorganisms is essential in environmental science, pharmaceuticals, food safety, and medical diagnostics. Raman spectroscopy, valued for its ability to provide detailed chemical and structural information, has gained significant traction in these fields, especially with the adoption of various excitation wavelengths and tailored optical setups. The choice of wavelength and setup in Raman spectroscopy is influenced by factors such as applicability, cost, and whether bulk or single-cell analysis is performed, each impacting sensitivity and specificity in bacterial detection. In this study, we investigate the potential of different excitation wavelengths for bacterial identification, utilizing a mock culture composed of six bacterial species: three Gram-positive (",environmental science
"The increasing contamination of ecosystems with heavy metals (HMs) due to industrial activities raises significant jeopardies to environmental health and human well-being. Addressing this issue, recent advances in the field of bioremediation have highlighted the potential of plant-associated microbiomes and genetically engineered organisms (GEOs) to mitigate HMs pollution. This review explores recent advancements in bioremediation strategies for HMs detoxification, with particular attention to omics technologies such as metagenomics, metabolomics, and metaproteomics in deepening the understanding of microbial interactions and their potential for neutralizing HMs. Additionally, Emerging strategies and technologies in GEOs and microorganism-aided nanotechnology have proven to be effective bioremediation tools, particularly for alleviating HM contamination. Despite the promising strategies developed in laboratory settings, several challenges impede their practical application, including ecological risks, regulatory limitations, and public concerns regarding the practice of genetically modified organisms. A comprehensive approach that involves interdisciplinary research is essential to enhance the efficacy and safety of bioremediation technologies. This approach should be coupled with robust regulatory frameworks and active public engagement to ensure environmental integrity and societal acceptance. This review underscores the importance of developing sustainable bioremediation strategies that align with ecological conservation goals and public health priorities.",environmental science
"This study utilizes flow cytometry (FCM) to evaluate the high nucleic acid (HNA) and low nucleic acid (LNA) content of intact cells for monitoring bacterial dynamics in drinking water treatment and supply systems. Our findings indicate that chlorine and nutrients differently impact components of bacterial populations. HNA bacteria, characterized by high metabolic rates, quickly react to nutrient alterations, making them suitable indicators of growth under varying water treatment and supply conditions. Conversely, LNA bacteria adapt to environments with stable, slowly degradable organics, reflecting distinct physiological characteristics. Changes in water treatment and supply conditions, such as chlorine dosing and nutrient inputs, significantly impact the ratio between HNA and LNA. FCM fingerprinting combined with cluster analysis provides a more sensitive evaluation of water quality by capturing a broader range of microbial characteristics compared to using only HNA/LNA ratios. This work advocates for multi-parameter data analysis to advance monitoring techniques for water treatment and supply processes.",environmental science
"Odontocetes are globally distributed and are foundational to the structure and function of marine food webs, and hence bycatch impacts from gillnet fishing need to be considered in the context of their conservation and population viability. Currently, global gillnet bycatch numbers are unknown yet are estimated to be the greatest in Asia, East Africa, and the west coasts of North and South America. Here we provide the first global meta-analyses of small- and large-scale gillnet bycatch estimates of odontocetes during 1990-2020, compiling population size, estimated gillnet bycatch, and conservation status in support of geographical and species-specific risk estimates. We estimate that annual gillnet bycatch is ∼50,000 from 1990 to 2020, and, combined with overfishing, pollution, and noise, it has been shown to be a serious threat to these long-lived and slow-reproducing species with heavy offspring investment. The global gillnet bycatch of odontocetes is a difficult challenge to address and mitigate and requires improved species and regional-based management strategies including collaborations between fishers, fisheries managers, marine mammal experts, and marine spatial planners. This has been worked on for decades, yet more attention is needed for successful management of odontocete gillnet bycatch to ensure their sustainable future in the Anthropocene Ocean, in accordance with local subsistence dynamics and the relevant United Nations (UN) sustainable development goals.",environmental science
"Pharmaceuticals prevent and treat diseases, yet inappropriate intake can result in harmful effects including mortality. Contaminants have become recurrent public and wildlife health concerns. Bioaccumulation of contaminants can occur throughout trophic levels of the food web. Dolphins are apex predators often used as sentinel species to assess the health of marine ecosystems because their lipid-rich blubber stores contaminants. We used blubber samples collected from live free-swimming and postmortem common bottlenose dolphins (",environmental science
"Global oceans are warming and acidifying because of increasing greenhouse gas emissions that are anticipated to have cascading impacts on marine ecosystems and organisms, especially those essential for biodiversity and food security. Despite this concern, there remains some skepticism about the reproducibility and reliability of research done to predict future climate change impacts on marine organisms. Here, we present meta-analyses of over two decades of research on the climate change impacts on an ecologically and economically valuable Sydney rock oyster,",environmental science
"One Health is an integrative approach aiming to achieve optimal health outcomes by recognizing the interconnection between humans, animals, and the environment. This study explores the understanding, perspectives, hurdles, and implications of intersectoral collaboration within Pakistan's human health system, focusing on One Health principles. A qualitative phenomenological approach was employed, involving 17 key informant interviews with purposively selected stakeholders from public health, agriculture, veterinary medicine, agriculture and environmental science. Thematic analysis was conducted to generate themes. There are varying levels of understanding and awareness of One Health principles, with some showing strong comprehension; while, others showed significant knowledge gaps. Barriers such as institutional silos, fragmented policies, and limited resources were identified for operationalizing the intersectoral collaboration requisite for One Health. Successful collaborative initiatives demonstrated the potential of One Health in achieving significant health outcomes. Meaningful engagement of stakeholders and capacity building emerged as critical needs, with recommendations for continuous in-service training centered on One Health principles. Unified policies, strengthened institutional support, and continuous capacity building will enhance One Health agenda. Overarching governance and decentralized decision-making processes can promote consistency and cooperation across sectors for advancing One Health initiatives and effectively addressing complex human health challenges in Pakistan.",environmental science
"Microbial metabolism is impressively flexible, enabling growth even when available nutrients differ greatly from biomass in redox state.",environmental science
"The global decline in bee populations poses significant risks to agriculture, biodiversity, and environmental stability. To bridge the gap in existing data, we introduce ApisTox, a comprehensive dataset focusing on the toxicity of pesticides to honey bees (Apis mellifera). This dataset combines and leverages data from existing sources such as ECOTOX and PPDB, providing an extensive, consistent, and curated collection that surpasses the previous datasets. ApisTox incorporates a wide array of data, including toxicity levels for chemicals, details such as time of their publication in literature, and identifiers linking them to external chemical databases. This dataset may serve as an important tool for environmental and agricultural research, but also can support the development of policies and practices aimed at minimizing harm to bee populations. Finally, ApisTox offers a unique resource for benchmarking molecular property prediction methods on agrochemical compounds, facilitating advancements in both environmental science and chemoinformatics. This makes it a valuable tool for both academic research and practical applications in bee conservation.",environmental science
"The review aims to examine the neurotoxic effects of arsenic, particularly exploring the roles of glial cells-astrocytes, microglia, and oligodendrocytes, amid its widespread environmental contamination and impact on cognitive impairments. It highlights the role of altered neurotrophin and growth factor signaling in disrupting neuronal health and cognitive performance. It elucidates the intricate interactions between oxidative stress, DNA damage, neurotransmitter disruption, and cellular signaling alterations, underscoring the vital importance of the glial cells. These cells are crucial for preserving neural health and responding to environmental toxins, and arsenic disrupts their functions, resulting in decreased antioxidative responses, induction of inflammatory pathways, and subsequent neuronal dysfunction. The brain's cytotoxic impact arises from a complex network of cellular responses, with pathways such as MAPK, transcription factor and autophagy signaling to play critical roles in mediating these dysregulated inflammation and oxidative stress mechanisms. The detailed exploration into specific impacts of arsenic on glial cell morphology, activation, and mitochondrial functions illuminates the cascade of neuroinflammatory and neurodegenerative changes that may be triggered upon arsenic exposure. The review recommends a multidisciplinary research approach by emphasizing the significance of the brain's microenvironment, methylation processes, and the enzyme AS3MT in arsenic neurotoxicity. It calls for converging environmental science, neurobiology, and toxicology to develop targeted interventions for preventing and mitigating arsenic's neurotoxic effects. This in-depth exploration into glial cell dynamics aims to advance public health and neurotoxicology research, striving to devise strategies that reduce the cognitive and neurodegenerative damage caused by arsenic, thereby enhancing global health outcomes.",environmental science
"Elucidating the formation mechanism of polycyclic aromatic hydrocarbons (PAHs) is crucial to understand processes in the contexts of combustion, environmental science, astrochemistry, and nanomaterials synthesis. An excited electronic-state pathway has been proposed to account for the formation of 14π aromatic anthracene in the benzyl (b-C",environmental science
"Arsenic (As) is a non-essential carcinogenic metalloid and an issue of concern for rice crops. This study investigated the effects of sulfur-loaded tea waste biochar (TWB) due to modification with sodium sulfide (SSTWB) or thiourea (TUTWB) on As stress and accumulation in rice plants. The results showed that sulfur-modified TWB improved plant morphology compared to plants grown in As-contaminated soil alone. Biochar amendments elevated the activity of antioxidant enzymes in rice plants harvested at 15 and 30 days after transplant (DAT). Additionally, SSTWB and TUTWB significantly reduced As content in shoots by 26% and 19% at 15 DAT, respectively, as compared to TWB. This trend continued at 30 DAT with SSTWB achieving the maximum decrease of 30%. Similar reductions were observed in plant roots. The study suggests that sulfur-modified biochar amendments offer a promising strategy to mitigate the negative effects of As on, and reduce its accumulation in, rice.",environmental science
"Microplastic pollution has emerged as the second most significant scientific issue in environmental science and ecology. Similarly, the biological effects of tire wear particles (TWPs) have garnered considerable research attention; however, studies on chronic TWP leachate toxicity at environmentally relevant concentrations remain sparse. Here, we investigated the effects of TWP leachate at environmentally relevant concentrations (0.3 mg/L and 3 mg/L) on multigenerational and transgenerational Daphnia pulex for 21 days/generation, spanning three generations (F0-F2). Growth and reproductive indices (body length, growth rate, time to first clutch, number of clutches, and total offspring/female) across generations were analyzed. Multigenerational exposure to TWP leachate did not cause D. pulex death, but impaired growth and development, prolonged sexual maturity time, and reduced reproductive capacity. The transgenerational exposure group (3 mg/L) also exhibited some sub-lethal effects, such as delayed reproduction, suggesting a transgenerational impact. Gene transcription analyses and weighted gene co-expression network analysis showed that the most impacted pathways were associated with lysosome function, apoptosis, and glutathione metabolism, indicating that TWP leachate exposure compromised immune defense mechanisms and disrupted APs, CTSB, GST, DUSP1, and ERN1 gene expression. These findings underscore multigenerational toxicity effects and TWP leachate transmission patterns on aquatic organisms at realistic environmental concentrations.",environmental science
"Blue carbon ecotones (BCEs) play a critical role in regulating abiotic and biotic ecological fluxes underpinning services which are also crucial for the protection of the land-ocean function. Here, we proposed a Benefit-Pressure-Transformation Risk model (BPT) to calculate the Ecosystem Health Index (EHI) for mangrove, salt marsh, and seagrass as core BCEs globally (at a resolution of 1° × 1 °lat-long), based on habitat structure, species morphological features and vulnerability, niche overlap, nature and human pressures, and ecosystem services. Our assessments identify that around 20% of BCEs as vulnerable globally. Specifically, with every 1° increase in latitude, the EHI values for mangroves, salt marshes, and seagrasses decrease linearly proportionally to a factor equal to 0.007, 0.003, and 0.004. We find that improving EHI of mangroves not only supports resilience but also enhances their carbon sink function (+68 Mg per hectare/0.1 EHI), making ecosystem health a critical factor in climate change mitigation.",environmental science
"The 1,2,3-triazole-based chemosensors, synthesized through Cu(I)-catalyzed azide-alkyne cycloaddition via 'click chemistry', offer a straightforward yet highly effective method for detecting metal cations and anions with remarkable accuracy, selectivity and sensitivity, making them invaluable across various fields such as chemistry, pharmacology, environmental science and biology. The selective recognition of these ions is crucial due to their significant roles in biological and physiological processes, where even slight concentration variations can have major consequences. The article reviews literature from 2017 to 2024, highlighting advancements in the synthesis of 1,2,3-triazole-based ligands and their application (along with sensing mechanism) for detection of various ions causing health and environmental hazards. The detection aspects have been discussed sequentially for the transition-, inner transition-, and the metals from the s or p block of the periodic table.",environmental science
"ConspectusThe surface of a catalyst is crucial for understanding the mechanisms of catalytic reactions at the molecular level and developing new catalysts with higher activity, selectivity, and durability. Ambient pressure X-ray photoelectron spectroscopy (AP-XPS) is a technique studying the surface of a sample in the gas phase, mainly identifying chemical identity, analyzing oxidation state, and measuring surface composition.In the last decade, numerous photoelectron spectroscopic methods for fundamental studies of key topics in catalysis using AP-XPS have been developed. By tracking the evolution of the catalyst surface during catalyst preparation, AP-XPS can assist in identifying the parameters for preparing an expected catalyst structure. Additionally, it can uncover adsorbate coverage-induced surface restructuring by monitoring the photoemission features of key elements as the gas pressure increases. Surface phase transitions of a catalyst support, supported metal, or supported oxide nanoparticles and restructuring of supported single-atom sites may occur at temperatures lower than a catalysis temperature. AP-XPS can track these temperature-dependent phase transition or structural evolution under catalytic conditions. It also enables analysis of the electronic structure of the catalyst surface during catalysis by collecting valence band spectrum at a specific catalysis temperature. Moreover, it can detect stable intermediates formed at a temperature lower than the catalysis onset temperature and track their transformation to product molecules, providing significant insights in proposing a pathway closest to the actual but unknown one. Time-on-stream quantification of oxidation and reduction processes on catalyst surfaces allows for the study of kinetics of redox, including determinations of reaction order and activation barrier. One challenging task in accurately measuring catalytic reaction rates under kinetic control is measurement of the number of catalytic sites. AP-XPS is a valuable technique for this task, as it can qualitatively identify active sites and quantitatively measure the number of active sites under a specific catalytic condition. For photocatalytic and photoelectrocatalytic systems, AP-XPS helps elucidate charge transfer at the interface of a cocatalyst and semiconductor by identifying shifts in binding energy of a key element, shedding light on electron-hole separation. Photoelectron-induced excitation (PEIE) spectroscopy provides a unique capability for in situ measurement of gas products proximal to the catalyst surface within 0-0.1 mm during catalysis. It enables the on-site in situ identification of gas products and quantification of their partial pressures.The successful development of these methods highlights the unique capabilities of AP-XPS in addressing key topics in catalysis and uncovering crucial information about catalysts under reaction or catalytic conditions that other spectroscopy or microscopy techniques cannot. These advancements are expected to significantly benefit many fields in chemistry, chemical engineering, energy science, materials science, and environmental science. Applications of AP-XPS to study solid-liquid interfaces, especially at the electrode-electrolyte interface in electrochemical processes, are significant. These applications at solid-liquid interfaces include electrification-based chemical transformations, electrochemical CO",environmental science
"Science education plays a crucial role in addressing the pollinator crisis by enhancing knowledge and fostering changes in attitudes toward this environmental challenge. Previous research has been focused on validating a specific instrument related to this subject, although its use for assessing students' knowledge has been little explored. In the present study, we have evaluated the level of awareness regarding the significance of bees as primary pollinators among students of various disciplines at the Universities of Sevilla, in Spain, and Ouro Preto, in Brazil, emphasizing the importance of the plant-bee interaction. 753 students from the fields of biology, agriculture, and education were invited to complete a questionnaire focused on bee biology. The results indicate that knowledge on the subject is closely linked to professional career choice and that the training program for the future teachers effectively increased comprehension of the crucial role played by bees as main supporters of the ecosystem service of pollination.",environmental science
"The properties of soil colloids determine the interaction with nanoparticles, their behavior, and destiny in the soil environment including soil solutions. This study examines how several properties of soil colloids, including pH, phosphorus content, clay minerals, and iron oxyhydroxides, influence the interaction with zinc oxide nanoparticles (ZnO-nps). For the experimental setup, four different soils were selected from the temperate climate of central Europe, in Slovakia, exhibiting pH values ranging from 4.6 to 8.0. Two concentrations of ZnO-nps suspended in water, 20 and 200 mg Zn∙L",environmental science
"Covalent functionalization of pristine graphene can modify its properties, enabling applications in optoelectronics, biomedical fields, environmental science, and energy. However, the chemical reactivity of pristine graphene is relatively low, and as such, methods have been developed to increase the reactivity of graphene. This review focuses on substrate engineering as an effective strategy to enhance the reactivity of graphene through strain and charge doping. Nanoparticles, metals with different crystal orientations, and stretchable polymers are employed to introduce strains in graphene, leading to enhanced chemical reactivity and increased degree of functionalization. Charge doping through orbital hybridization with metals and charge puddles induced by oxide substrates generally enhance the reactivity of graphene, while alkyl-modified surfaces and 2D materials often reduce graphene reactivity via charge screening and van der Waals interactions that increase the stability of the graphene layer, respectively. This review summarizes methods for creating and characterizing strains and charge doping in graphene and discusses their effects on the chemical functionalization of graphene in various reactions.",environmental science
The relationship between heterogeneity and plant diversity remains unclear in low-resource karst. We made,environmental science
"Rare Earth Elements and Yttrium (REY) are widely used as proxies for environmental conditions and biogeochemical processes, but have also become (micro)contaminants of surface waters worldwide. Soft tissues and shells of mussels are increasingly used in environmental science and geology as bioarchives for REY, but REY fractionation by and in these organisms is still not well understood. We report on the distribution of REY in different compartments of marine M. edulis mussels from Norway, and in their ambient water and food (plankton). The shale-normalised REY patterns of all compartments studied decrease from light to heavy REY (LREY and HREY, respectively), while the LREY depletion occasionally reported in the literature cannot be observed. The bivalves show REY concentrations up to five orders of magnitude higher than those in ambient water (with preferential uptake of Ce and of LREY over HREY) but lower than those in their potential plankton food (with minor REY fractionation, except for preferential uptake of La and Y). While metabolic REY fractionation within the bivalves is minor, vital effects affect the REY distribution in the shells of M. edulis mussels. Rejection and decoupling of Ce during shell formation occurs due to Ce oxidation and formation of Ce(IV) solution-complexes in the extrapallial fluid (EPF). While discrimination against HREY incorporation results from strong solution-complexation of the HREY, preferential uptake of La, Gd and Y during shell formation is due to the less stable solution-complexes of these ions. These observations are compatible with the presence of siderophores in the EPF, suggesting that in contrast to freshwater mussel A. anatina, vital effects can to some extent affect the size of anomalies in the REY patterns of marine M. edulis shells. This implies that these anomalies are (partially) of biological origin, which limits their use as paleo-redox proxies.",environmental science
"The topography of the border ecological barrier area in southern Yunnan is complex, and utilizing the vertically projected area to estimate carbon stocks may lead to significant errors. This study uses multisource data and multiple models to investigate the spatial and temporal variations in surface carbon stocks and the factors affecting them in the study area. Results show: The difference between the surface area and planar area in the study area is large, and the spatial and temporal changes of surface land use and carbon stock based on this are more significant, showing an inverted V-shape trend in time and a spatial distribution pattern of ""high southeast, low northwest"". NDVI and slope were the dominant factors. The results of this study provide a new surface-scale perspective for a deeper understanding of carbon stock and land-use planning in the mountainous region represented by the border ecological zone in southern Yunnan.",environmental science
The current investigation examined histopathological and serum biochemical profiles to assess the interactive effects of river Saraswati's impaired physicochemical regime and parasite infection by ectoparasites (,environmental science
"The selection of best variables is a challenging problem in supervised and unsupervised learning, especially in high-dimensional contexts where the number of variables is usually much larger than the number of observations. In this paper, we focus on two multivariate statistical methods: principal components analysis and partial least squares. Both approaches are popular linear dimension-reduction methods with numerous applications in several fields including in genomics, biology, environmental science, and engineering. In particular, these approaches build principal components, new variables that are combinations of all the original variables. A main drawback of principal components is the difficulty to interpret them when the number of variables is large. To define principal components from the most relevant variables, we propose to cast the best subset solution path method into principal component analysis and partial least square frameworks. We offer a new alternative by exploiting a continuous optimization algorithm for best subset solution path. Empirical studies show the efficacy of our approach for providing the best subset solution path. The usage of our algorithm is further exposed through the analysis of two real data sets. The first data set is analyzed using the principle component analysis while the analysis of the second data set is based on partial least square framework.",environmental science
"Facing pressing global challenges such as climate change, biodiversity loss, resource scarcity, and environmental pollution, the field of environmental science urgently needs innovative research methods. However, identifying meaningful and cutting-edge research topics is a significant challenge, as it requires a thorough understanding of existing literature and the ability to discern knowledge gaps. Traditional bibliometrics often fall short of capturing nascent interdisciplinary fields. Recent advancements in artificial intelligence (AI) offer potential solutions to this challenge. This study explores the capabilities of large language models (LLMs) in identifying and analyzing emerging research opportunities in environmental science. We employ a text retrieval method based on word embeddings, utilizing the emergent reasoning abilities of LLMs combined with embedded search techniques to dynamically integrate the latest literature. By comparing the GPT-3.5 API with supplementary literature, ChatGPT, and GPT-4, we find that the GPT-3.5 API provides a more comprehensive, detailed, and current analysis of cutting-edge environmental science, emphasizing the importance of understanding the dynamics and timeliness of the field. Our findings underscore the critical role of interdisciplinary research, AI, and big data in addressing urgent environmental challenges. LLMs can serve as valuable tools for researchers, offering guidance and inspiration for future directions in environmental science research.",environmental science
"The restorative effect of natural environments on human well-being has garnered significant attention in psychology and environmental science. However, extraordinary nature-such as volcanoes, glaciers, and starry skies-has been largely underexplored despite its potential to elicit stronger emotional and physiological responses. Similarly, personality analysis has been somewhat overlooked in environmental psychology research. This study investigates the psychophysiological benefits of both extraordinary and ordinary natural environments, focusing on emotional recovery, cognitive focus, and physiological relaxation. We incorporate personality traits, gender, and awe as key factors in understanding recovery outcomes. Using a sample of 88 young adults(44males, 44females) with 20.2 (SD = 1.1)average year old, we evaluated psychological and physiological recovery indicators, including alpha and beta wave activity measured by EEG, as well as derived indices of focus and relaxation from EEG data, and self-reported psychological recovery.The results indicate that: (1) Extraordinary nature leads to significantly greater restorative effects on psychological and physiological outcomes, with marked improvements in alpha and beta waves, focus, relaxation, and psychological recovery scores. (2) Not all individuals favor extraordinary nature; two-way ANOVA reveals that individuals with high openness and extraversion show a stronger preference for extraordinary nature. (3) A higher sense of awe towards nature correlates strongly with better recovery outcomes, as demonstrated through correlation analysis and fitting curves. (4) Gender differences reveal that men tend to prefer extraordinary nature, with stronger recovery outcomes. This study introduces new perspectives into green space planning, urban landscape design, and environmental psychology, emphasizing the importance of incorporating stunning elements into public spaces to promote psychological and physical health, accelerate the achievement of the 17 Sustainable Development Goals set by the United Nations, build sustainable cities and communities, responsible consumption and production, land-based living, and promote health and well-being. The research findings indicate that extraordinary nature can be a powerful tool for improving public health and provide valuable insights for creating more sustainable and restorative urban environments.",environmental science
"The flexible design and unique physical and chemical properties of self-assembled peptides have shown great potential for applications in the fields of materials science, life science, and environmental science. Peptide nanofibers (PNFs), as a kind of bioactive nanomaterials, possess excellent biocompatibility, flexible designability, and multifaceted functionalizability. In this work, we design and describe PNFs that self-assembled by peptide molecules as carriers for bimetallic nanosheets (BMNS), leading to the development of hybrid nanomaterials, BMNS-PNFs, with unique properties. The BMNS-PNFs exhibit a photothermal conversion efficiency (PCE) of up to 31.57%, and can be used as a potential nanoplatform for photothermal therapy (PTT) of lung tumour cells. Through the results, it is shown that the PNFs can reduce the cytotoxicity of BMNS-PNFs and that BMNS-PNFs have excellent cancer cell killing effects, with photothermal killing rates of more than 95% and 90% for lung cancer cells HCC2279 and PC9, respectively. Finally, the comprehensive PTT performance of BMNS-PNFs is analysed by Ranking of Efficiency Performance (REP), and the REP value of BMNS-PNFs is calculated to be 0.741. The peptide sequences used to assemble into PNFs in this study are instructive for functional design and structural modulation of molecular self-assembly, and the constructed bimetallic-biomolecular hybrid materials provide a potential strategy for medical bioengineering.",environmental science
"The expansion of multi-omics datasets raises significant challenges for data integration and querying. To overcome these challenges, we developed a generic RDF-based integration schema that connects various types of differential -omics data, epigenomics, and regulatory information. This schema employs the FALDO ontology to enable querying based on genomic locations. It is designed to be fully or partially populated, providing both flexibility and extensibility while supporting complex queries. We validated the schema by reproducing two recently published studies, one in biomedicine and the other in environmental science, proving its genericity and its ability to integrate data efficiently. This schema serves as an effective tool for managing and querying a wide range of multi-omics datasets.",environmental science
"In an emerging trajectory-based operation (TBO) environment within the advanced autonomous airspace, traffic operation along reference trajectories can function as trajectory-following mechanisms. However, 5G-based following dynamics still remain underexplored, limiting further utilization of lower-latency 5G technology other than data links. This limitation affects air traffic stability when encountering disturbance, preventing autonomous airspeed adjustment, and safe separation without air traffic controller interventions. Thus, this paper addresses these gaps by proposing a generalized 5G-based trajectory-following model to explore microscopic behaviors and traffic stability in a typically connected environment. Three key variables are identified based on the classical optimal velocity model: bi-directional attention distribution, air-to-air communication performance, and communication latency. Finally, the stability criterion is derived by the adopted perturbation method. Typical numerical simulations have verified the air traffic stability under various connectivity degrees. These findings can precisely identify the optimal connectivity, rational attention distribution, and their balance for enhancing stability.",environmental science
"Human activities are contributing to a global decline in biodiversity and ecosystem services. While national parks, rooted in sustainable development principles, aim to counteract this trend and have been successful in developed nations, their direct applicability to developing countries is debatable. In light of the challenges associated with coordinating environmental, social, economic, and cultural objectives, we have formulated a theoretical framework centered on the concept of ""risk-value"" for managing national park zoning in developing nations. This framework is designed to promote co-prosperity by simultaneously addressing biodiversity conservation, equity, and human well-being concerns. Our framework, when applied to China's Baishanzu National Park, entailed subdividing the park into four distinct zones, each managed by specific and tailored policies. Our research provides insights into the theoretical underpinnings of implementing the national park concept in developing countries and showcases effective strategies for enhancing ecological conservation in these regions.",environmental science
"Despite contributing less than 1% of global greenhouse gas (GHG) emissions, Small Island Developing States (SIDS) have the potential to drive global mitigation actions by advocating for ambitious emission reduction targets, promoting renewable energy solutions, and advancing sustainable development practices. The adoption of onshore-offshore wind and solar energy in 39 SIDS, which are currently experiencing the adverse effects of climate change, presents a significant opportunity. By harnessing renewable energy sources, these countries can effectively mitigate GHG emissions, enhance energy security, and build resilience. This approach aligns with the renewable energy roadmap outlined at the 28",environmental science
"Clarifying the ecological effects of microplastics （MPs） in soil is a frontier problem in environmental science research. A 60-d microcosmic culture experiment was conducted using soil with three relative abundances （2%, 5%, and 10%, MPs/soil）, of traditional MPs polystyrene （PS） and biodegradable MPs polylactic acid （PLA）. Additionally, the changes in microbial activity and carbon metabolism function in the soil after cultivation were analyzed. The results showed that： After cultivation with MPs, the soil pH decreased and the content of dissolved organic carbon （DOC） in the soil significantly increased. The addition of MPs significantly reduced the activities of catalase and polyphenol oxidase in the soil and the reduction degree was related to the concentration of MPs. However, the addition of PLA significantly enhanced the activity of soil urease, while PS had no significant effect on urease activity. The addition of MPs led to a decrease in the carbon metabolism ability of soil microbial communities. The carbon metabolism ability of soil microorganisms cultured with PS was higher than that of those cultured with PLA. The inhibitory effect of both on soil carbon metabolism was positively correlated with their concentration. The concentrations of PS （10%） and PLA （10%） had the strongest inhibitory effect on soil microbial carbon metabolism ability, with a decrease of 63.91% and 82.27%, respectively. PLA had a greater impact on soil microbial activity and carbon metabolism than that of PS because PLA in soil degraded easily to produce harmful dissolved organic matter and smaller plastic particles. The research results provide a theoretical basis for clarifying the ecological effects of MPs in soil and basic data for future development of standards related to soil MPs pollution.",environmental science